Category,Name,Price,Rating,Reviews,URL
Camping,1000W Solar Panel 12V Solar Cell 20A Controller Solar Plate Kit For Phone RV Car Caravan Home Camping Outdoor Battery,US$30.87,N/A,0,https://www.banggood.com/1000W-Solar-Panel-12V-Solar-Cell-20A-Controller-Solar-Plate-Kit-For-Phone-RV-Car-Caravan-Home-Camping-Outdoor-Battery-p-2014664.html?cur_warehouse=CN&ID=6326423&rmmds=CategorySportsPop&trace_id=83601763855754256
Camping,12V/24V MPPT Solar Charge Controller Regulator Colorful Screen For Lifepo4 GEL Lithium Lead Acid Battery 30/70/100A,US$15.51,5.00,2,https://www.banggood.com/12V-or-24V-MPPT-Solar-Charge-Controller-Regulator-Colorful-Screen-For-Lifepo4-GEL-Lithium-Lead-Acid-Battery-30-or-70-or-100A-p-2021069.html?cur_warehouse=CN&ID=6292898&rmmds=CategorySportsPop&trace_id=83601763855754256
Camping,SMILING SHARK Multifunctional Portable Adjustable Lantern Outdoor Camping Tent Light Rechargeable Emergency Lighting,US$9.59,4.00,1,https://www.banggood.com/SMILING-SHARK-Multifunctional-Portable-Adjustable-Lantern-Outdoor-Camping-Tent-Light-Rechargeable-Emergency-Lighting-p-2015553.html?cur_warehouse=CN&rmmds=CategorySportsPop&trace_id=83601763855754256
Camping,6 Blade Wood Burner Fireplace Fan Mini Heat Powered Stove Fan Eco-fan Quiet Home Efficient Heat Distribution,US$29.99,N/A,0,https://www.banggood.com/6-Blade-Wood-Burner-Fireplace-Fan-Mini-Heat-Powered-Stove-Fan-Eco-fan-Quiet-Home-Efficient-Heat-Distribution-p-2025987.html?cur_warehouse=CN&ID=224&rmmds=CategorySportsPop&trace_id=83601763855754256
Camping,Portable Hand Crank Generator Reliable Emergency Power Supply Source Lightweight Compact For Outdoor Activities Camping Hiking Power Outage Solution,US$35.89,4.94,18,https://www.banggood.com/Portable-Hand-Crank-Generator-Reliable-Emergency-Power-Supply-Source-Lightweight-Compact-For-Outdoor-Activities-Camping-Hiking-Power-Outage-Solution-p-1997862.html?cur_warehouse=CN&rmmds=CategorySportsPop&trace_id=83601763855754256
Camping,Xiaomi Mijia Portable Electric Heating Cup 2 350mL Temperature LED Thermos 316 Stainless Steel Boiling Cup Kettle For Travel Coffee,US$39.99,5.00,4,https://www.banggood.com/Xiaomi-Mijia-Portable-Electric-Heating-Cup-2-350mL-Temperature-LED-Thermos-316-Stainless-Steel-Boiling-Cup-Kettle-For-Travel-Coffee-p-2013076.html?cur_warehouse=CN&ID=6287845&rmmds=CategorySportsPop&trace_id=83601763855754256
Camping,IPRee WVC-300/600/700W Wifi Version Solar On Grid Inverter AC110V ~230V IP65 Waterproof Grid Tie with Pure Sine Wave for Solar Power System,US$104.66,5.00,1,https://www.banggood.com/IPRee-WVC-300-or-600-or-700W-Wifi-Version-Solar-On-Grid-Inverter-AC110V-~230V-IP65-Waterproof-Grid-Tie-with-Pure-Sine-Wave-for-Solar-Power-System-p-2023701.html?cur_warehouse=CN&ID=528371&rmmds=CategorySportsPop&trace_id=83601763855754256
Camping,Outdoor Portable Foldable Stove Stand Rack Camping Pot Bracket Holder Gas Stoves Burner Bracket Travel BBQ Barbecue Accessories,US$18.03,N/A,0,https://www.banggood.com/Outdoor-Portable-Foldable-Stove-Stand-Rack-Camping-Pot-Bracket-Holder-Gas-Stoves-Burner-Bracket-Travel-BBQ-Barbecue-Accessories-p-2013759.html?cur_warehouse=CN&rmmds=CategorySportsPop&trace_id=83601763855754256
Camping,"380ml Stainless Steel Thermos Flask Vacuum Insulated Water Bottle Thermos Flask for Insulated Reusable Tumbler Cup for Coffee, Tea, and Soda",US$7.85,4.00,2,"https://www.banggood.com/380ml-Stainless-Steel-Thermos-Flask-Vacuum-Insulated-Water-Bottle-Thermos-Flask-for-Insulated-Reusable-Tumbler-Cup-for-Coffee,Tea,and-Soda-p-2001311.html?cur_warehouse=CN&ID=6287832&rmmds=CategorySportsPop&trace_id=83601763855754256"
Camping,MPPT Solar Controller 12/24/36/48V Automatic Identification Intelligent Photovoltaic System Solar Charging Controller,US$33.30,5.00,5,https://www.banggood.com/MPPT-Solar-Controller-12-or-24-or-36-or-48V-Automatic-Identification-Intelligent-Photovoltaic-System-Solar-Charging-Controller-p-2019219.html?cur_warehouse=CN&ID=6327902&rmmds=CategorySportsPop&trace_id=83601763855754256
Camping,"IPRee Air Cushion Inflatable Mattress Camping Air Cushion Bed With Built-In Pillow Foldable Storage Suitable For Home, Camping, SUV, Truck Tent",US$45.71,5.00,1,"https://www.banggood.com/IPRee-Air-Cushion-Inflatable-Mattress-Camping-Air-Cushion-Bed-With-Built-In-Pillow-Foldable-Storage-Suitable-For-Home,Camping,SUV,Truck-Tent-p-2022607.html?cur_warehouse=CN&ID=6329220&rmmds=CategorySportsPop&trace_id=83601763855754256"
Camping,108 COB Solar Light Outdoors LED Solar Powered Waterproof Street Security Lamp for Garden Garage Light,US$12.99,4.58,12,https://www.banggood.com/108-COB-Solar-Light-Outdoors-LED-Solar-Powered-Waterproof-Street-Security-Lamp-for-Garden-Garage-Light-p-1980278.html?cur_warehouse=CN&ID=6287636&rmmds=CategorySportsPop&trace_id=83601763855754256
Camping,GMI700 MPPT Solar Mirco Inverter for Balcony Power Plant High-performing Grid-tied Sinewave Parallel 2x350W Solar Panels,US$84.99,5.00,3,https://www.banggood.com/GMI700-MPPT-Solar-Mirco-Inverter-for-Balcony-Power-Plant-High-performing-Grid-tied-Sinewave-Parallel-2x350W-Solar-Panels-p-2020223.html?cur_warehouse=CN&ID=564945&rmmds=CategorySportsPop&trace_id=83601763855754256
Camping,220ml Pocket Stainless Steel Vacuum Flask Small Thermos For Coffee Mug Water Bottle Tumbler Portable Tea Bottles,US$11.99,5.00,2,https://www.banggood.com/220ml-Pocket-Stainless-Steel-Vacuum-Flask-Small-Thermos-For-Coffee-Mug-Water-Bottle-Tumbler-Portable-Tea-Bottles-p-2001293.html?cur_warehouse=CN&ID=6287837&rmmds=CategorySportsPop&trace_id=83601763855754256
Camping,"Tent String Lights USB Rechargeable Outdoor LED String Lights,Outdoor Camping Tent LED Lantern Lamp - Dimmable Tent String Lights",US$11.67,5.00,2,"https://www.banggood.com/Tent-String-Lights-USB-Rechargeable-Outdoor-LED-String-Lights,Outdoor-Camping-Tent-LED-Lantern-Lamp-Dimmable-Tent-String-Lights-p-2017672.html?cur_warehouse=CN&ID=6297292&rmmds=CategorySportsPop&trace_id=83601763855754256"
Camping,USB Charging Strong Running Light Outdoor COB Night Sports Light Arm Night Flashing Strong Riding Lamp,US$7.44,5.00,1,https://www.banggood.com/USB-Charging-Strong-Running-Light-Outdoor-COB-Night-Sports-Light-Arm-Night-Flashing-Strong-Riding-Lamp-p-2007806.html?cur_warehouse=CN&rmmds=CategorySportsPop&trace_id=83601763855754256
Camping,IPRee Car Kettle Electric Kettle Camping 12V 450ml Portable Travel Car Truck Kettle Hot Water Heater Bottle for Tea Coffee Making Heating Cup,US$11.99,5.00,4,https://www.banggood.com/IPRee-Car-Kettle-Electric-Kettle-Camping-12V-450ml-Portable-Travel-Car-Truck-Kettle-Hot-Water-Heater-Bottle-for-Tea-Coffee-Making-Heating-Cup-p-2024916.html?cur_warehouse=CN&ID=554252&rmmds=CategorySportsPop&trace_id=83601763855754256
Camping,Aluminum Lantern Stand Camping Lamp Pole for Astrolux CL01 CL02 Foldable Light Support Holder Lamp Bracket Camera Phone Tripod Stand For Picnic,US$9.99,4.86,7,https://www.banggood.com/Aluminum-Lantern-Stand-Camping-Lamp-Pole-for-Astrolux-CL01-CL02-Foldable-Light-Support-Holder-Lamp-Bracket-Camera-Phone-Tripod-Stand-For-Picnic-p-2015047.html?cur_warehouse=CN&rmmds=CategorySportsPop&trace_id=83601763855754256
Camping,"Portable Mini Stainless Steel Outdoor Wood Stove,Decorative Incense Holder for Christmas Tree and Elk Table Ornament for Camping Hiking",US$27.60,N/A,0,"https://www.banggood.com/Portable-Mini-Stainless-Steel-Outdoor-Wood-Stove,Decorative-Incense-Holder-for-Christmas-Tree-and-Elk-Table-Ornament-for-Camping-Hiking-p-2023789.html?cur_warehouse=CN&ID=6287853&rmmds=CategorySportsPop&trace_id=83601763855754256"
Camping,12V 12W Solar Panel Dual USB 5V Solar Panel Battery Charger Controller Camping Hiking Monocrystalline Solar Cell Boat Car Home,US$28.93,5.00,1,https://www.banggood.com/12V-12W-Solar-Panel-Dual-USB-5V-Solar-Panel-Battery-Charger-Controller-Camping-Hiking-Monocrystalline-Solar-Cell-Boat-Car-Home-p-2021070.html?cur_warehouse=CN&ID=6298788&rmmds=CategorySportsPop&trace_id=83601763855754256
Camping,10W Solar Panel with Clips Polycrystalline Silicon Solar Cell IP65 Portable Waterproof Outdoor Camping Travel,US$6.60,4.89,56,https://www.banggood.com/10W-Solar-Panel-with-Clips-Polycrystalline-Silicon-Solar-Cell-IP65-Portable-Waterproof-Outdoor-Camping-Travel-p-1974359.html?cur_warehouse=CN&rmmds=CategorySportsPop&trace_id=83601763855754256
Camping,Portable Outdoor Wood Camping Barbecue Wood Stove Camping Portable Folding Card Stove Titanium Alloy Stove Titanium,US$19.20,N/A,0,https://www.banggood.com/Portable-Outdoor-Wood-Camping-Barbecue-Wood-Stove-Camping-Portable-Folding-Card-Stove-Titanium-Alloy-Stove-Titanium-p-2023704.html?cur_warehouse=CN&ID=3147&rmmds=CategorySportsPop&trace_id=83601763855754256
Camping,480ml Vacuum Thermos Keep Warm Keep Cold Water Bottle LCD Temperature Display Stainless Steel Double Wall Insulated Cup,US$6.49,4.81,1763,https://www.banggood.com/480ml-Vacuum-Thermos-Keep-Warm-Keep-Cold-Water-Bottle-LCD-Temperature-Display-Stainless-Steel-Double-Wall-Insulated-Cup-p-1975323.html?cur_warehouse=CN&ID=6287832&rmmds=CategorySportsPop&trace_id=83601763855754256
Camping,6 Blade Fireplace Fan Heat Powered Wood Burn Fan No Electricity Oven Fan for Stove/Log Burner/Fireplace Eco Friendly Fan,US$19.99,4.78,9,https://www.banggood.com/6-Blade-Fireplace-Fan-Heat-Powered-Wood-Burn-Fan-No-Electricity-Oven-Fan-for-Stove-or-Log-Burner-or-Fireplace-Eco-Friendly-Fan-p-2020406.html?cur_warehouse=CN&ID=510655&rmmds=CategorySportsPop&trace_id=83601763855754256
Camping,380ml Thermal Bottle Coffee Mug Thermo Cup Thermos Flask Vacuum Cup Travel Portable Stainless Steel Water Bottle,US$5.99,5.00,8,https://www.banggood.com/380ml-Thermal-Bottle-Coffee-Mug-Thermo-Cup-Thermos-Flask-Vacuum-Cup-Travel-Portable-Stainless-Steel-Water-Bottle-p-2019813.html?cur_warehouse=CN&ID=6287845&rmmds=CategorySportsPop&trace_id=83601763855754256
Camping,IPRee 6 Blades Heat Powered Stove Fan Black Fireplace Fan Log Wood Burner Eco-fan Quiet Home Fireplace Fan Efficient Heat Distribution,US$22.99,5.00,5,https://www.banggood.com/IPRee-6-Blades-Heat-Powered-Stove-Fan-Black-Fireplace-Fan-Log-Wood-Burner-Eco-fan-Quiet-Home-Fireplace-Fan-Efficient-Heat-Distribution-p-2023699.html?cur_warehouse=CN&ID=6315633&rmmds=CategorySportsPop&trace_id=83601763855754256
Camping,"Multifunctional LED Lamp Little Night Light with Human Presence Sensor Magnetic Wall Lamps Smart Motion Detection Lights for Bedroom, Hallway",US$7.20,5.00,3,"https://www.banggood.com/Multifunctional-LED-Lamp-Little-Night-Light-with-Human-Presence-Sensor-Magnetic-Wall-Lamps-Smart-Motion-Detection-Lights-for-Bedroom,Hallway-p-2022281.html?cur_warehouse=CN&ID=6301350&rmmds=CategorySportsPop&trace_id=83601763855754256"
Camping,IPRee 510ml Double Stainless Steel Coffee Thermos Mug with Non-Slip Case Car Vacuum Flask Travel Insulated Bottle Coffee Cup Mug Milk Cup,US$11.60,5.00,1,https://www.banggood.com/IPRee-510ml-Double-Stainless-Steel-Coffee-Thermos-Mug-with-Non-Slip-Case-Car-Vacuum-Flask-Travel-Insulated-Bottle-Coffee-Cup-Mug-Milk-Cup-p-2025256.html?cur_warehouse=CN&ID=6287845&rmmds=CategorySportsPop&trace_id=83601763855754256
Camping,IPRee 230ML Creative Goat Horns Coffee Mug Vacuum Cup Thermos Flask Tea Cups Travel Couple Water Bottle with Rope Cold Cup Tumbler,US$14.20,N/A,0,https://www.banggood.com/IPRee-230ML-Creative-Goat-Horns-Coffee-Mug-Vacuum-Cup-Thermos-Flask-Tea-Cups-Travel-Couple-Water-Bottle-with-Rope-Cold-Cup-Tumbler-p-2027273.html?cur_warehouse=CN&ID=6287845&rmmds=CategorySportsPop&trace_id=83601763855754256
Camping,Outdoor Camping Portable Tape Measure Light Tent Camping Canopy Ambient Lighting Decorative Light Ambient Light Retractable Led String Light,US$8.39,N/A,0,https://www.banggood.com/Outdoor-Camping-Portable-Tape-Measure-Light-Tent-Camping-Canopy-Ambient-Lighting-Decorative-Light-Ambient-Light-Retractable-Led-String-Light-p-2019207.html?cur_warehouse=CN&ID=6287843&rmmds=CategorySportsPop&trace_id=83601763855754256
Camping,,US$11.99,5.00,1,https://www.banggood.com/IPRee-650ml-Stainless-Steel-Insulation-Cup-with-Handle-Smart-Coffee-Cup-LED-Temperature-Display-Portable-Cute-Water-Bottle-for-Car-p-2027002.html?cur_warehouse=CN&ID=6289458&rmmds=CategorySportsPop&trace_id=83601763855754256
Camping,,US$55.99,5.00,1,"https://www.banggood.com/12V-24V-Auto-MPPT-Solar-Charge-Controller-10A,20A,30A,40A,50A,60A-Smart-PV-Regulator,Lithium-Lead-Acid-Battery-Charger-p-2022285.html?cur_warehouse=CN&ID=6292899&rmmds=CategorySportsPop&trace_id=83601763855754256"
Camping,,US$12.81,5.00,2,https://www.banggood.com/4Pcs-8+LEDs-Solar-Ground-Light-Waterproof-Solar-Light-Warm-Light-Solar-Garden-Lamp-Outdoor-Courtyards-Driveway-Marker-Light-p-2025340.html?cur_warehouse=CN&ID=6301350&rmmds=CategorySportsPop&trace_id=83601763855754256
Camping,,US$27.99,5.00,1,https://www.banggood.com/IPRee-Stove-Fan-10-Blades-Heat-Powered-Double-Headed-Fireplace-Fan-Thermodynamic-Fan-For-Autumn-Winter-Indoor-Wood-Burners-Home-Warm-p-2025480.html?cur_warehouse=CN&ID=224&rmmds=CategorySportsPop&trace_id=83601763855754256
Camping,,US$6.39,N/A,0,https://www.banggood.com/150-or-250ml-Insulated-Bottle-Wood-Grain-Mini-Cute-Stainless-Steel-Thermos-Cup-Portable-Pocket-Vacuum-Bottle-Mini-Coffee-Mug-with-Tea-Leak-for-Home-Travel-Outdoor-p-2003558.html?cur_warehouse=CN&ID=5112476287837&rmmds=CategorySportsPop&trace_id=83601763855754256
Camping,,US$13.77,N/A,0,https://www.banggood.com/Bikight-Folding-LED-Bright-3-Sided-Lamp-Telescopic-Flashligh-Car-Repair-Working-Lights-Dimmable-Waterproof-Outdoor-Camping-Tent-Light-p-2023706.html?cur_warehouse=CN&ID=6287830&rmmds=CategorySportsPop&trace_id=83601763855754256
Camping,,US$6.80,4.50,6,https://www.banggood.com/IPRee-400ml-Portable-Thermal-Water-Bottle-304-Stainless-Steel-Coffee-Thermos-Cup-with-Handle-Leakproof-Vacuum-Flask-Insulated-Cup-p-2026841.html?cur_warehouse=CN&ID=6287832&rmmds=CategorySportsPop&trace_id=83601763855754256
Camping,,US$14.47,4.93,94,https://www.banggood.com/Astrolux-CL01-1800-6500K-Stepless-Dimming-Camping-Light-Tripod-Available-USB-C-Rechargeable-30h-Max-Runtime-Outdoor-LED-Tent-Light-Multifunction-Ambient-Lamp-Atmosphere-Light-p-2013132.html?cur_warehouse=CN&ID=6326694&rmmds=CategorySportsPop&trace_id=83601763855754256
Camping,,US$17.99,5.00,7,"https://www.banggood.com/1500ml-Large-Capacity-Portable-Thermos-Bottle-with-Straw,304-Stainless-Steel,Thermal-Mug,Cup,Coffee-Cup,Sports-Flasks,Cold-and-Hot-Water-Bottle-p-2018552.html?cur_warehouse=CN&ID=6287941&rmmds=CategorySportsPop&trace_id=83601763855754256"
Camping,,US$6.99,4.79,24,https://www.banggood.com/5V-400mA-Solar-Panel-2W-Output-USB-Outdoor-Portable-Solar-System-for-Cell-Mobile-Phone-Chargers-Device-p-1978436.html?cur_warehouse=CN&rmmds=CategorySportsPop&trace_id=83601763855754256
Camping,,US$13.99,5.00,16,https://www.banggood.com/IPRee-Intelligent-Magnetic-Auto-Stirring-Cup-with-LED-Display-Temperature-380ml-Rechargeable-Portable-Mixing-Coffee-Mug-For-Home-and-Office-Use-p-2024917.html?cur_warehouse=CN&ID=6287830&rmmds=CategorySportsPop&trace_id=83601763855754256
Camping,,US$7.99,4.80,703,https://www.banggood.com/XMUND-2-in-1-300W-Solar-LED-Camping-Light-Remote-Control-Tent-Light-Hang-Fishing-Night-Light-Emergency-Work-Lamp-Power-Bank-V6-Series-p-1959813.html?cur_warehouse=CN&ID=3145&rmmds=CategorySportsPop&trace_id=83601763855754256
Camping,,US$5.84,5.00,4,https://www.banggood.com/8-or-10-Plates-Camping-Gas-Stove-Folding-Burner-Wind-Shield-Aluminum-Alloy-Windproof-Screen-for-Outdoor-Camping-Picnic-Cooking-p-2022940.html?cur_warehouse=CN&ID=6329231&rmmds=CategorySportsPop&trace_id=83601763855754256
Camping,,US$9.86,5.00,4,https://www.banggood.com/IPRee-USB-Electric-Cup-Warmer-Heating-Pad-Coffee-Milk-Tea-Water-Thermostatic-Cup-Warmer-for-Home-Office-p-2025478.html?cur_warehouse=CN&ID=513346&rmmds=CategorySportsPop&trace_id=83601763855754256
Camping,,US$11.99,5.00,1,"https://www.banggood.com/500ml-Portable-Cycling-Water-Bottle,Large-Capacity-304-Stainless-Steel-Sports-Bottle-Suitable-For-Mountain-Bikes-And-Road-Bikes-p-2023224.html?cur_warehouse=CN&ID=6287830&rmmds=CategorySportsPop&trace_id=83601763855754256"
Camping,,US$8.69,4.56,9,https://www.banggood.com/Magnetic-USB-LED-Human-body-sensing-Night-Light-Kitchen-Cabinet-Light-Home-Stair-Bedroom-Table-Motion-Lamp-Bedside-Lighting-p-2019328.html?cur_warehouse=CN&ID=6299426&rmmds=CategorySportsPop&trace_id=83601763855754256
Camping,,US$28.50,4.92,36,https://www.banggood.com/NITECORE-LR40-Camping-Light-USB-C-Rechargeable-Tent-Lantern-100LM-Runtime-65-Hours-3-Light-Sources-p-1976405.html?cur_warehouse=CN&ID=6287837&rmmds=CategorySportsPop&trace_id=83601763855754256
Camping,,US$9.26,4.59,51,https://www.banggood.com/205+140MM-5V-5W-Solar-Panel-High-Power-For-Mobile-Phone-USB-Solar-Power-Bank-Battery-Solar-Charger-Camping-p-1978438.html?cur_warehouse=CN&rmmds=CategorySportsPop&trace_id=83601763855754256
Camping,,US$19.72,N/A,0,https://www.banggood.com/IPRee-1000ml-Thermos-Cup-LID-With-Straw-And-Handle-Sealed-Leak-Proof-Portable-Handle-Outdoor-Sports-Water-Bottle-p-2023226.html?cur_warehouse=CN&ID=6287830&rmmds=CategorySportsPop&trace_id=83601763855754256
Camping,,US$11.29,5.00,4,"https://www.banggood.com/IPRee-600ml-Double-Wall-Stainless-Steel-Insulated-Sports-Water-Bottle,Leakproof-Portable-Vacuum-Flask-for-Outdoor-Hiking-p-2023703.html?cur_warehouse=CN&ID=6287830&rmmds=CategorySportsPop&trace_id=83601763855754256"
Camping,,US$12.39,5.00,1,https://www.banggood.com/Magnetic-Automatic-Self-Stirring-Cup-Stainless-Steel-Temperature-Difference-Coffee-Mixing-Cup-Smart-Blender-Thermal-Cup-p-2027003.html?cur_warehouse=CN&ID=6287845&rmmds=CategorySportsPop&trace_id=83601763855754256
Camping,,US$57.99,N/A,0,https://www.banggood.com/IPRee-Desktop-Camping-Heating-Portable-Ambient-Light-Bioethanol-Fireplaces-and-Portable-Desktop-Firepit-For-Home-Outdoor-Courtyard-p-2044093.html?cur_warehouse=CN&ID=6287830&rmmds=CategorySportsPop&trace_id=83601763855754256
Camping,,US$29.99,N/A,0,https://www.banggood.com/IPRee-304-Stainless-Steel-Insulated-Mug-40oz-Generation-Car-Cup-Leak-Proof-Food-Grade-with-Handle-Portable-Ice-Master-Straw-Cup-p-2044096.html?cur_warehouse=CN&ID=6287830&rmmds=CategorySportsPop&trace_id=83601763855754256
Camping,,US$9.99,N/A,0,https://www.banggood.com/IPRee-1PC-Halloween-LED-Ghost-Lights-Decorations-Adjustable-Hanging-Spooky-Decor-with-Fairy-Light-Indoor-Outdoor-Haunted-House-Halloween-Decoration-p-2044109.html?cur_warehouse=CN&ID=533616&rmmds=CategorySportsPop&trace_id=83601763855754256
Camping,,US$21.99,N/A,0,https://www.banggood.com/WEST-BIKING-3L-Reflective-Warning-Cycling-Backpack-Comfort-Fit-Lightweight-Breathable-Portable-Waterproof-MTB-Road-Bike-Bag-for-Outdoor-Sports-Travel-p-2039805.html?cur_warehouse=CN&ID=6287830&rmmds=CategorySportsPop&trace_id=83601763855754256
Camping,,US$24.99,4.86,7,https://www.banggood.com/Waterproof-Camping-Lights-LED-Lamp-Portable-Lantern-Flashlight-With-6-Light-Modes-For-Outdoor-Camping-High-Capacity-p-1980231.html?cur_warehouse=CN&rmmds=CategorySportsPop&trace_id=83601763855754256
Camping,,US$46.89,N/A,0,https://www.banggood.com/90-Fun-School-Bag-Mi-Backpack-Waterproof-Travel-Bag-For-14-Inch-Laptop-College-Student-Backpack-p-1985969.html?cur_warehouse=CN&ID=6287832&rmmds=CategorySportsPop&trace_id=83601763855754256
Camping,,US$12.85,4.83,6,https://www.banggood.com/Double-sided-COB-90-degree-Folding-Work-Light-Strong-Magnet-with-Hook-Maintenance-Light-Outdoor-COB-Flashlight-Torch-p-1988499.html?cur_warehouse=CN&rmmds=CategorySportsPop&trace_id=83601763855754256
Camping,,US$79.90,N/A,0,"https://www.banggood.com/Portable-Toilet-for-Camping-Adult-Foldable-Toilet-for-Car-Portable-Toilet-Outdoor-Porta-Potty-for-Boat-Travel-Hiking-Long-Trips-Beach,Collapsible-Waterproof-Sturdy-Emergency-Toilet-p-2016548.html?cur_warehouse=CN&ID=6297145&rmmds=CategorySportsPop&trace_id=83601763855754256"
Camping,,US$19.25,5.00,2,https://www.banggood.com/WEST-BIKING-Portable-Camping-Light-with-Fan-3-In-1-Multifunctional-Outdoor-Flashlight-USB-Charging-Home-Lamp-Hanging-Tent-Light-p-2015094.html?cur_warehouse=CN&ID=6287832&rmmds=CategorySportsPop&trace_id=83601763855754256
Outdoor-Lighting,Elfeland 44/170LED Solar Wall Lights Outdoor Waterproof Infrared Garden Lamp Remote control waterproof timing induction light,US$12.99,4.54,1292,https://www.banggood.com/Elfeland-44-or-170LED-Solar-Wall-Lights-Outdoor-Waterproof-Infrared-Garden-Lamp-Remote-control-waterproof-timing-induction-light-p-1769798.html?cur_warehouse=CN&ID=6298058&rmmds=CategoryLightsPop&trace_id=56f31763855778056
Outdoor-Lighting,2Pcs Solar Wall Lamp Outdoor Garden Household Waterproof Wall Light Up And Down Garden Decorative Wall Lamp Illumination,US$13.99,4.83,42,https://www.banggood.com/2Pcs-Solar-Wall-Lamp-Outdoor-Garden-Household-Waterproof-Wall-Light-Up-And-Down-Garden-Decorative-Wall-Lamp-Illumination-p-1852164.html?cur_warehouse=CN&ID=6297159&rmmds=CategoryLightsPop&trace_id=56f31763855778056
Outdoor-Lighting,Elfeland 100 LED Solar Power Waterproof IP65 PIR Motion Sensor Solar Light Outdoor Garden Lamp,US$9.99,4.76,601,https://www.banggood.com/Elfeland-100-LED-Solar-Power-Waterproof-IP65-PIR-Motion-Sensor-Solar-Light-Outdoor-Garden-Lamp-p-1977801.html?cur_warehouse=CN&ID=6297159&rmmds=CategoryLightsPop&trace_id=56f31763855778056
Outdoor-Lighting,Elfeland Solar Light Outdoor 106 LED Super Bright Motion Sensor Solar Strong Power LED Garden Wall Lamp IP65 Waterproof 4 Working Modes,US$14.99,4.90,126,https://www.banggood.com/Elfeland-Solar-Light-Outdoor-106-LED-Super-Bright-Motion-Sensor-Solar-Strong-Power-LED-Garden-Wall-Lamp-IP65-Waterproof-4-Working-Modes-p-1989447.html?cur_warehouse=CN&ID=522097522225&rmmds=CategoryLightsPop&trace_id=56f31763855778056
Outdoor-Lighting,Elfeland Solar Power 20 LED PIR Motion Sensor Wall Light Waterproof Outdoor Path Yard Garden Security Lamp,US$4.49,4.81,1681,https://www.banggood.com/Elfeland-Solar-Power-20-LED-PIR-Motion-Sensor-Wall-Light-Waterproof-Outdoor-Path-Yard-Garden-Security-Lamp-p-1977805.html?cur_warehouse=CN&ID=6301877&rmmds=CategoryLightsPop&trace_id=56f31763855778056
Outdoor-Lighting,Elfeland 468 LED Super Bright Outdoor Solar Lamp Waterproof 3 Modes Motion Sensor Human Induction Solar Garden Light Yard Garage Lights,US$14.99,4.94,36,https://www.banggood.com/Elfeland-468-LED-Super-Bright-Outdoor-Solar-Lamp-Waterproof-3-Modes-Motion-Sensor-Human-Induction-Solar-Garden-Light-Yard-Garage-Lights-p-1986740.html?cur_warehouse=CN&rmmds=CategoryLightsPop&trace_id=56f31763855778056
Outdoor-Lighting,Outdoor Waterproof Wall Mounted Solar Light 3 Mode Human Body Sensor Solar Lamp Light Control Auto ON OFF Porch Light for Garden,US$8.29,4.85,26,https://www.banggood.com/Outdoor-Waterproof-Wall-Mounted-Solar-Light-3-Mode-Human-Body-Sensor-Solar-Lamp-Light-Control-Auto-ON-OFF-Porch-Light-for-Garden-p-2015824.html?cur_warehouse=CN&ID=6326845&rmmds=CategoryLightsPop&trace_id=56f31763855778056
Outdoor-Lighting,228LED Motion Sensor Solar Pendant Light Outdoor Waterproof with Remote Control 3 Modes Garden Light,US$34.99,5.00,1,https://www.banggood.com/228LED-Motion-Sensor-Solar-Pendant-Light-Outdoor-Waterproof-with-Remote-Control-3-Modes-Garden-Light-p-2023395.html?cur_warehouse=CN&rmmds=CategoryLightsPop&trace_id=56f31763855778056
Outdoor-Lighting,560LED Powerful Outdoor Solar Lights Motion Sensor Waterproof Wall Lamp Remote Control Garden Street Light,US$52.99,3.50,2,https://www.banggood.com/560LED-Powerful-Outdoor-Solar-Lights-Motion-Sensor-Waterproof-Wall-Lamp-Remote-Control-Garden-Street-Light-p-2018819.html?cur_warehouse=CN&rmmds=CategoryLightsPop&trace_id=56f31763855778056
Outdoor-Lighting,Split Solar Wall Light Induction Garden Light Outdoor Waterproof Fence Lighting Home Garage Light,US$32.99,4.93,72,https://www.banggood.com/Split-Solar-Wall-Light-Induction-Garden-Light-Outdoor-Waterproof-Fence-Lighting-Home-Garage-Light-p-1976283.html?cur_warehouse=CN&ID=6292513&rmmds=CategoryLightsPop&trace_id=56f31763855778056
Outdoor-Lighting,LED Solar Emergency Flashlight Hanging with Hook Portable Lantern Dimmable Multifunctional Type-C Charging for Outdoor Equipment,US$14.99,2.00,1,https://www.banggood.com/LED-Solar-Emergency-Flashlight-Hanging-with-Hook-Portable-Lantern-Dimmable-Multifunctional-Type-C-Charging-for-Outdoor-Equipment-p-1984646.html?cur_warehouse=CN&ID=510934&rmmds=CategoryLightsPop&trace_id=56f31763855778056
Outdoor-Lighting,Solar Wall Lamp With Clip Motion Sensor Waterproof Portable Bug Killer LED COB Wall Light for Outdoor Courtyard,US$16.99,5.00,2,https://www.banggood.com/Solar-Wall-Lamp-With-Clip-Motion-Sensor-Waterproof-Portable-Bug-Killer-LED-COB-Wall-Light-for-Outdoor-Courtyard-p-2020985.html?cur_warehouse=CN&ID=6287830&rmmds=CategoryLightsPop&trace_id=56f31763855778056
Outdoor-Lighting,3000mAh Portable Camping Light Rechargeable LED Camping Lantern with 5 Light Modes Waterproof Camping Gear SOS Flashlights for Emergencies Travel,US$18.99,N/A,0,https://www.banggood.com/3000mAh-Portable-Camping-Light-Rechargeable-LED-Camping-Lantern-with-5-Light-Modes-Waterproof-Camping-Gear-SOS-Flashlights-for-Emergencies-Travel-p-2032620.html?cur_warehouse=CN&ID=6292509&rmmds=CategoryLightsPop&trace_id=56f31763855778056
Outdoor-Lighting,280LED Split Design Motion Sensor Solar LED Floodlight With Remote Control 3 Modes IP65 Waterproof Outdoor Security Garden Light,US$24.99,5.00,1,https://www.banggood.com/280LED-Split-Design-Motion-Sensor-Solar-LED-Floodlight-With-Remote-Control-3-Modes-IP65-Waterproof-Outdoor-Security-Garden-Light-p-2032728.html?cur_warehouse=CN&ID=6286519&rmmds=CategoryLightsPop&trace_id=56f31763855778056
Outdoor-Lighting,10W LED Solar Landscape Spotlight Outdoor IP55 Waterproof Adjustable 150° Angle 10W LED Auto On/Off Garden Pathway Lighting,US$9.99,N/A,0,https://www.banggood.com/10W-LED-Solar-Landscape-Spotlight-Outdoor-IP55-Waterproof-Adjustable-150-Angle-10W-LED-Auto-On-or-Off-Garden-Pathway-Lighting-p-2033278.html?cur_warehouse=CN&ID=6297159&rmmds=CategoryLightsPop&trace_id=56f31763855778056
Outdoor-Lighting,Solar Wall Light with Retractable 8m LED String Light 1800mAh Battery IP55 Waterproof Auto On/Off Outdoor Garden Decor,US$16.99,N/A,0,https://www.banggood.com/Solar-Wall-Light-with-Retractable-8m-LED-String-Light-1800mAh-Battery-IP55-Waterproof-Auto-On-or-Off-Outdoor-Garden-Decor-p-2033285.html?cur_warehouse=CN&ID=522225&rmmds=CategoryLightsPop&trace_id=56f31763855778056
Outdoor-Lighting,168COB Solar Motion Sensor Wall Light with 360° Rotation Remote Control IP65 Waterproof Outdoor Security Floodlight,US$22.79,N/A,0,https://www.banggood.com/168COB-Solar-Motion-Sensor-Wall-Light-with-360-Rotation-Remote-Control-IP65-Waterproof-Outdoor-Security-Floodlight-p-2033334.html?cur_warehouse=CN&ID=6332657&rmmds=CategoryLightsPop&trace_id=56f31763855778056
Outdoor-Lighting,Solar Camping Lantern Portable 4-in-1 Outdoor LED Light With Tripod IPX4 Waterproof USB-C & Solar Powered Ambience,US$12.99,N/A,0,https://www.banggood.com/Solar-Camping-Lantern-Portable-4-in-1-Outdoor-LED-Light-With-Tripod-IPX4-Waterproof-USB-C-and-Solar-Powered-Ambience-p-2033340.html?cur_warehouse=CN&ID=6287830&rmmds=CategoryLightsPop&trace_id=56f31763855778056
Outdoor-Lighting,LED Solar Mosquito Killer Lawn Light Waterproof Outdoor Bug Zapper with UV Light 3 Modes Safe Design Mosquito Repellent Light,US$15.99,N/A,0,https://www.banggood.com/LED-Solar-Mosquito-Killer-Lawn-Light-Waterproof-Outdoor-Bug-Zapper-with-UV-Light-3-Modes-Safe-Design-Mosquito-Repellent-Light-p-2038282.html?cur_warehouse=CN&ID=6287830&rmmds=CategoryLightsPop&trace_id=56f31763855778056
Outdoor-Lighting,LED Motion Sensor Solar Wall Light with 15M LED String Lights Remote Control Outdoor LED Security Lamp Waterproof Garden Decor,US$27.99,N/A,0,https://www.banggood.com/LED-Motion-Sensor-Solar-Wall-Light-with-15M-LED-String-Lights-Remote-Control-Outdoor-LED-Security-Lamp-Waterproof-Garden-Decor-p-2038283.html?cur_warehouse=CN&ID=6299808&rmmds=CategoryLightsPop&trace_id=56f31763855778056
Outdoor-Lighting,2pcs Solar Outdoor Courtyard Wall Lamps Automatic Sensor Waterproof Garden Villa LED Light Solar Panel Night Lighting,US$14.99,N/A,0,https://www.banggood.com/2pcs-Solar-Outdoor-Courtyard-Wall-Lamps-Automatic-Sensor-Waterproof-Garden-Villa-LED-Light-Solar-Panel-Night-Lighting-p-2039415.html?cur_warehouse=CN&ID=511715&rmmds=CategoryLightsPop&trace_id=56f31763855778056
Outdoor-Lighting,Portable Solar LED Clip Light Waterproof Body Sensor Lamp for Outdoor Patio Garden Yard Home Camping Wall Lights,US$9.99,N/A,0,https://www.banggood.com/Portable-Solar-LED-Clip-Light-Waterproof-Body-Sensor-Lamp-for-Outdoor-Patio-Garden-Yard-Home-Camping-Wall-Lights-p-2039416.html?cur_warehouse=CN&ID=515244&rmmds=CategoryLightsPop&trace_id=56f31763855778056
Outdoor-Lighting,Elfeland LED Solar Pathway Lights Lawn Lamp Decoration for Outdoor Garden Yard Landscape Patio Driveway Walkway Lighting,US$6.49,N/A,0,https://www.banggood.com/Elfeland-LED-Solar-Pathway-Lights-Lawn-Lamp-Decoration-for-Outdoor-Garden-Yard-Landscape-Patio-Driveway-Walkway-Lighting-p-2039729.html?cur_warehouse=CN&ID=6291855&rmmds=CategoryLightsPop&trace_id=56f31763855778056
Outdoor-Lighting,Elfeland 2PCS Solar LED Outdoor Step Lights Dual-Sided Solar Panel Waterproof Light Control Warm Cool Lighting 19 LEDs for Staircases Deck Patios,US$18.99,N/A,0,https://www.banggood.com/Elfeland-2PCS-Solar-LED-Outdoor-Step-Lights-Dual-Sided-Solar-Panel-Waterproof-Light-Control-Warm-Cool-Lighting-19-LEDs-for-Staircases-Deck-Patios-p-2039744.html?cur_warehouse=CN&ID=511715&rmmds=CategoryLightsPop&trace_id=56f31763855778056
Outdoor-Lighting,Elfeland 50W Outdoor Solar Street Light with Motion Sensor Light Sensor IPX4 Waterproof 3 Light Modes LED Floodlight,US$33.19,4.00,1,https://www.banggood.com/Elfeland-50W-Outdoor-Solar-Street-Light-with-Motion-Sensor-Light-Sensor-IPX4-Waterproof-3-Light-Modes-LED-Floodlight-p-2034046.html?cur_warehouse=CN&ID=515244&rmmds=CategoryLightsPop&trace_id=56f31763855778056
Outdoor-Lighting,3-Head Motion Sensor Solar Light 350LM IP65 Waterproof Remote Control Floodlight 164/238 LED Outdoor Solar Lamp,US$24.99,N/A,0,https://www.banggood.com/3-Head-Motion-Sensor-Solar-Light-350LM-IP65-Waterproof-Remote-Control-Floodlight-164-or-238-LED-Outdoor-Solar-Lamp-p-2034455.html?cur_warehouse=CN&ID=515244&rmmds=CategoryLightsPop&trace_id=56f31763855778056
Outdoor-Lighting,4Pack Outdoor  Solar Lights Yard Lamp Landscape Decor Villa Balcony Garden Wall Step Lamps Stair Light,US$16.49,5.00,1,https://www.banggood.com/4Pack-Outdoor-Solar-Lights-Yard-Lamp-Landscape-Decor-Villa-Balcony-Garden-Wall-Step-Lamps-Stair-Light-p-2034456.html?cur_warehouse=CN&ID=6291855&rmmds=CategoryLightsPop&trace_id=56f31763855778056
Outdoor-Lighting,Foldable Solar Motion Sensor Wall Light Outdoor Yard Garden Lamp 3 Modes LED Floodlight Induction Compact Outdoor Security Lamp,US$24.99,5.00,1,https://www.banggood.com/Foldable-Solar-Motion-Sensor-Wall-Light-Outdoor-Yard-Garden-Lamp-3-Modes-LED-Floodlight-Induction-Compact-Outdoor-Security-Lamp-p-2034459.html?cur_warehouse=CN&ID=6297337&rmmds=CategoryLightsPop&trace_id=56f31763855778056
Outdoor-Lighting,4Pack LED Solar Lawn Light 2300K Warm Light Outdoor Waterproof Garden Night Light Courtyard Decoration Landscape Pathway Lighting,US$27.99,5.00,1,https://www.banggood.com/4Pack-LED-Solar-Lawn-Light-2300K-Warm-Light-Outdoor-Waterproof-Garden-Night-Light-Courtyard-Decoration-Landscape-Pathway-Lighting-p-2034464.html?cur_warehouse=CN&ID=6291855&rmmds=CategoryLightsPop&trace_id=56f31763855778056
Outdoor-Lighting,Elfeland Solar Tungsten Filament Lawn Light 21.5 Tall LED Garden Spike Lamp IP65 Waterproof Rechargeable Solar Pathway Lighting,US$7.99,N/A,0,https://www.banggood.com/Elfeland-Solar-Tungsten-Filament-Lawn-Light-21_5-inch-Tall-LED-Garden-Spike-Lamp-IP65-Waterproof-Rechargeable-Solar-Pathway-Lighting-p-2035543.html?cur_warehouse=CN&ID=522225&rmmds=CategoryLightsPop&trace_id=56f31763855778056
Outdoor-Lighting,,US$14.99,N/A,0,https://www.banggood.com/Elfeland-Solar-Powered-Outdoor-Wall-Light-Remote-Control-Waterproof-3-Lighting-Modes-Energy-Saving-Balcony-Garden-Decoration-Light-p-2035559.html?cur_warehouse=CN&ID=6301877&rmmds=CategoryLightsPop&trace_id=56f31763855778056
Outdoor-Lighting,,US$15.99,5.00,1,https://www.banggood.com/Elfeland-Solar-Powered-LED-Lawn-Light-Spotlight-Wall-Mounted-and-In-Ground-IP65-Waterproof-Outdoor-Pathway-Light-Landscape-Lighting-p-2036273.html?cur_warehouse=CN&ID=6297159&rmmds=CategoryLightsPop&trace_id=56f31763855778056
Outdoor-Lighting,,US$14.99,N/A,0,https://www.banggood.com/Elfeland-LED-Solar-Lawn-Lights-with-Built-in-8m-LED-Light-String-Waterproof-Outdoor-Pathway-Patio-Backyard-Villa-Garden-Decoration-Light-p-2036293.html?cur_warehouse=CN&ID=6297159&rmmds=CategoryLightsPop&trace_id=56f31763855778056
Outdoor-Lighting,,US$14.99,N/A,0,https://www.banggood.com/Elfeland-LED-Motion-Sensor-Solar-Wall-Light-Waterproof-Dual-White-and-RGB-Wash-400lm-Front-Door-Decoration-Solar-Lamp-p-2036402.html?cur_warehouse=CN&ID=6292509&rmmds=CategoryLightsPop&trace_id=56f31763855778056
Outdoor-Lighting,,US$24.99,N/A,0,https://www.banggood.com/Elfeland-Outdoor-Split-LED-Solar-Light-Waterproof-Motion-Sensor-7-Lighting-Modes-With-Remote-Control-3-Meter-Cable-for-Landscape-Patio-Garden-Lighting-p-2036403.html?cur_warehouse=CN&ID=6292509&rmmds=CategoryLightsPop&trace_id=56f31763855778056
Outdoor-Lighting,,US$13.99,5.00,1,https://www.banggood.com/Elfeland-Solar-Powered-Mosquito-Killer-Lamp-Outdoor-Waterproof-Lawn-Light-Bug-Zapper-Mosquito-Trap-Garden-Light-3-Mounting-Methods-p-2036406.html?cur_warehouse=CN&ID=6287830&rmmds=CategoryLightsPop&trace_id=56f31763855778056
Outdoor-Lighting,,US$19.99,N/A,0,"https://www.banggood.com/Elfeland-Solar-Powered-Outdoor-Sensor-Halloween-Festival-Decorative-Atmosphere-Lights,Outdoor-Waterproof-Solar-Garden-Light-p-2041381.html?cur_warehouse=CN&ID=6293181&rmmds=CategoryLightsPop&trace_id=56f31763855778056"
Outdoor-Lighting,,US$14.99,N/A,0,https://www.banggood.com/Elfeland-2PCS-Solar-Lights-Outdoor-IP65-Waterproof-Wall-Lights-with-RGB-Color-for-Courtyard-Garden-Fence-Staircase-Step-Decoration-p-2041837.html?cur_warehouse=CN&ID=6293181&rmmds=CategoryLightsPop&trace_id=56f31763855778056
Outdoor-Lighting,,US$13.69,N/A,0,https://www.banggood.com/Elfeland-Solar-Powered-Ice-Brick-Design-Garden-Light-Waterproof-with-Auto-On-or-Off-for-Pathway-Patio-Yard-and-Outdoor-Decoration-p-2042784.html?cur_warehouse=CN&ID=6297159&rmmds=CategoryLightsPop&trace_id=56f31763855778056
Outdoor-Lighting,,US$14.49,N/A,0,https://www.banggood.com/Elfeland-2Pcs-Solar-Garden-Lights-Outdoor-Lawn-Lamps-with-White-or-Warm-White-or-RGB-Options-Auto-On-or-Off-Waterproof-for-Yard-Pathway-Decor-p-2042786.html?cur_warehouse=CN&ID=6297159&rmmds=CategoryLightsPop&trace_id=56f31763855778056
Outdoor-Lighting,,US$9.99,N/A,0,https://www.banggood.com/Elfeland-Solar-Wall-Light-with-Motion-Sensor-3-Lighting-Modes-Type-C-Charging-IP65-Waterproof-for-Outdoor-Indoor-Use-Easy-Installation-p-2042863.html?cur_warehouse=CN&ID=6287830&rmmds=CategoryLightsPop&trace_id=56f31763855778056
Outdoor-Lighting,,US$13.69,N/A,0,https://www.banggood.com/Elfeland-Solar-Outdoor-Thermometer-Light-with-Temperature-Display-IP65-Waterproof-Warm-White-Garden-Lamp-for-Patio-Yard-Pathway-Landscape-Decor-p-2042903.html?cur_warehouse=CN&ID=6300464&rmmds=CategoryLightsPop&trace_id=56f31763855778056
Outdoor-Lighting,,US$16.59,5.00,1,https://www.banggood.com/Elfeland-Solar-Octopus-Spotlight-With-3-Flexible-Tentacles-for-Wrapping-360-Rotatable-Head-IP44-Waterproof-for-Garden-Camping-Decor-p-2042959.html?cur_warehouse=CN&ID=6291855&rmmds=CategoryLightsPop&trace_id=56f31763855778056
Outdoor-Lighting,,US$15.99,5.00,1,https://www.banggood.com/11-or-12-or-22M-Solar-LED-String-Lights-Waterproof-Christmas-Party-Garden-Home-Decor-p-1764133.html?cur_warehouse=CN&ID=513995531651&rmmds=CategoryLightsPop&trace_id=56f31763855778056
Outdoor-Lighting,,US$25.99,4.58,12,https://www.banggood.com/100-or-60W-LED-Solar-Ceiling-Light-Pendant-Light-Outdoor-Indoor-Solar-Power-Lamp-With-Line-Corridor-Light-For-Garden-Decoration-p-1986855.html?cur_warehouse=CN&ID=522661&rmmds=CategoryLightsPop&trace_id=56f31763855778056
Outdoor-Lighting,,US$33.99,4.72,127,https://www.banggood.com/Elfeland-108-or-122-or-138-or-171-LED-Solar-Lights-3-Head-Motion-Sensor-270-Wide-Angle-Illumination-Outdoor-Waterproof-Remote-Control-Wall-Lamp-p-1895147.html?cur_warehouse=CN&ID=6313413&rmmds=CategoryLightsPop&trace_id=56f31763855778056
Outdoor-Lighting,,US$9.99,2.00,1,https://www.banggood.com/Solar-Wall-Light-Outdoor-Garden-Deck-Round-Petal-Fence-Light-8-Modes-Glowing-Garden-Light-Remote-Control-p-1984588.html?cur_warehouse=CN&ID=6297159&rmmds=CategoryLightsPop&trace_id=56f31763855778056
Outdoor-Lighting,,US$27.99,N/A,0,https://www.banggood.com/280LED-Waterproof-Solar-Light-Motion-Sensor-Outdoor-Body-Sensor-Light-Separate-Solar-Wall-Lamp-Street-Light-p-1993976.html?cur_warehouse=CN&rmmds=CategoryLightsPop&trace_id=56f31763855778056
Outdoor-Lighting,,US$9.99,4.80,5,https://www.banggood.com/Outdoor-Solar-Lights-90-or-120-or-150LEDs-Solar-Firework-Lamp-Garden-Decoration-Outdoor-Lawn-Light-New-Year-Christmas-Lights-p-1989603.html?cur_warehouse=CN&ID=62800556290993&rmmds=CategoryLightsPop&trace_id=56f31763855778056
Outdoor-Lighting,,US$48.09,1.00,1,https://www.banggood.com/Solar-Pendant-Light-Outdoor-Indoor-Split-Remote-Timing-Dimmable-Solar-Lamp-Foldable-Sunlight-Garage-Garden-Solar-Shed-Light-p-1989732.html?cur_warehouse=CN&ID=6297159&rmmds=CategoryLightsPop&trace_id=56f31763855778056
Outdoor-Lighting,,US$18.49,N/A,0,https://www.banggood.com/Solar-Powered-Animal-Repeller-Infrared-Motion-Sensor-Alarm-Light-Waterproof-Anti-Theft-Repellent-Anti-Wolf-Light-Animal-Repellent-Timed-Recording-Loud-Speaker-Sound-p-2028643.html?cur_warehouse=CN&ID=6287842&rmmds=CategoryLightsPop&trace_id=56f31763855778056
Outdoor-Lighting,,US$13.69,5.00,2,https://www.banggood.com/LED-Triangle-Warning-Sign-Night-Light-Warning-Lamp-Work-Light-Solar-Powered-Triangle-Warning-Sign-Lamp-With-4-Light-Modes-p-2031632.html?cur_warehouse=CN&ID=6287636&rmmds=CategoryLightsPop&trace_id=56f31763855778056
Outdoor-Lighting,,US$15.99,N/A,0,https://www.banggood.com/LED-Solar-Post-Light-3000K+6000K-Outdoor-Transparent-Garden-Fence-Villa-Gate-Post-Lamp-Courtyard-Wall-Lace-Column-Lamp-IP65-Waterproof-p-2031634.html?cur_warehouse=CN&ID=6309657&rmmds=CategoryLightsPop&trace_id=56f31763855778056
Outdoor-Lighting,,US$30.99,N/A,0,https://www.banggood.com/Outdoor-Door-Number-Light-Solar-Powered-Doorplate-Light-Double-sided-Solar-Ground-Plug-Waterproof-LED-Letter-Number-Plate-Indicator-Light-p-2031640.html?cur_warehouse=CN&ID=515244&rmmds=CategoryLightsPop&trace_id=56f31763855778056
Outdoor-Lighting,,US$25.99,N/A,0,https://www.banggood.com/Solar-Door-Number-Light-Outdoor-Wall-Mounted-Ground-Plug-Road-Sign-Sensor-Light-LED-House-Number-Address-Indicator-p-2031641.html?cur_warehouse=CN&ID=6292509&rmmds=CategoryLightsPop&trace_id=56f31763855778056
Outdoor-Lighting,,US$14.99,4.50,2,https://www.banggood.com/120COB-LED-Outdoor-Solar-Street-Light-Human-Body-Induction-Garden-Light-With-Remote-Control-LED-Wall-Light-Waterproof-Garden-Light-p-2031648.html?cur_warehouse=CN&ID=6291843&rmmds=CategoryLightsPop&trace_id=56f31763855778056
Outdoor-Lighting,,US$14.79,N/A,0,https://www.banggood.com/60LED-Motion-Sensor-Solar-Light-Human-Body-Induction-Garden-Light-Outdoor-Waterproof-Solar-Outdoor-Sensitive-Motion-Detection-Street-Lamp-p-2031649.html?cur_warehouse=CN&ID=532529&rmmds=CategoryLightsPop&trace_id=56f31763855778056
Outdoor-Lighting,,US$14.09,5.00,1,https://www.banggood.com/54LED-Motion-Sensor-Solar-Light-Human-Body-Induction-Garden-Light-Outdoor-Waterproof-Solar-Outdoor-Sensitive-Motion-Detection-Street-Lamp-p-2031653.html?cur_warehouse=CN&ID=6298408&rmmds=CategoryLightsPop&trace_id=56f31763855778056
Outdoor-Lighting,,US$36.99,N/A,0,https://www.banggood.com/360LED-Motion-Sensor-Solar-Street-Light-Outdoor-Home-Garden-Light-Super-Bright-Waterproof-Remote-Control-Human-Body-Induction-3-Lighting-Mode-p-2031660.html?cur_warehouse=CN&ID=6291654&rmmds=CategoryLightsPop&trace_id=56f31763855778056
Outdoor-Lighting,,US$36.99,N/A,0,https://www.banggood.com/504LED-Motion-Sensor-Solar-Street-Light-Outdoor-Home-Garden-Light-Super-Bright-Waterproof-Remote-Control-Human-Body-Induction-3-Lighting-Mode-p-2031662.html?cur_warehouse=CN&ID=6291833&rmmds=CategoryLightsPop&trace_id=56f31763855778056
Computers,for Anycubic Kobra S1 Plate Pei Sheet 264x276mm Textured Kobra S1 Combo Build Plate Double Sided Peo Pet Pey Kobra S1C Bed,US$13.99,N/A,0,https://www.banggood.com/For-Anycubic-Kobra-S1-Plate-Pei-Sheet-264x276mm-Textured-Kobra-S1-Combo-Build-Plate-Double-Sided-Peo-Pet-Pey-Kobra-S1C-Bed-p-2041246.html?cur_warehouse=CN&ID=6335028&rmmds=CategoryElectronicsPop&trace_id=145c1763854816927
Computers,for Creality K1 K1C K1Max Hotend Ceramic Heating Block Kit 3D Printer Parts Quick-Swap Nozzle Kit Heat Break Resistance Hotend,US$15.99,N/A,0,https://www.banggood.com/For-Creality-K1-K1C-K1Max-Hotend-Ceramic-Heating-Block-Kit-3D-Printer-Parts-Quick-Swap-Nozzle-Kit-Heat-Break-Resistance-Hotend-p-2041600.html?cur_warehouse=CN&ID=6287830&rmmds=CategoryElectronicsPop&trace_id=145c1763854816927
Computers,for H2D/A1/A1mini Hotend Bambu Lab H2D Hotend Kit 0.2/0.4/0.6/0.8mm Nozzle H2D High Flow Hotend Standard Flow Hot End,US$13.99,N/A,0,https://www.banggood.com/For-H2D-or-A1-or-A1mini-Hotend-Bambu-Lab-H2D-Hotend-Kit-0_2-or-0_4-or-0_6-or-0_8mm-Nozzle-H2D-High-Flow-Hotend-Standard-Flow-Hot-End-p-2041601.html?cur_warehouse=CN&ID=6335019&rmmds=CategoryElectronicsPop&trace_id=145c1763854816927
Computers,Soldering Iron Tip Kit 3D Printing Modify Finishing Tool Brass Thread Embedded Heat Insert Nut Iron Tip Heat Set Insert Tools,US$5.99,5.00,2,https://www.banggood.com/Soldering-Iron-Tip-Kit-3D-Printing-Modify-Finishing-Tool-Brass-Thread-Embedded-Heat-Insert-Nut-Iron-Tip-Heat-Set-Insert-Tools-p-2016863.html?cur_warehouse=CN&ID=6327392&rmmds=CategoryElectronicsPop&trace_id=145c1763854816927
Computers,3D Printer Hot End Kit for Ender-3 V2 Neo/Ender-3 Max Neo/ Ender-3 V2 Neo Hotend 24V 40W Thermistor with 0.4mm Nozzle,US$10.99,5.00,3,https://www.banggood.com/3D-Printer-Hot-End-Kit-for-Ender-3-V2-Neo-or-Ender-3-Max-Neo-or-Ender-3-V2-Neo-Hotend-24V-40W-Thermistor-with-0_4mm-Nozzle-p-2016865.html?cur_warehouse=CN&ID=6327382&rmmds=CategoryElectronicsPop&trace_id=145c1763854816927
Computers,Threaded Knurled Heating Head for 3D Printer Insertnut Implant Connector Insert Nut Hot Melt Tool 3D Printer Soldering,US$4.99,5.00,1,https://www.banggood.com/Threaded-Knurled-Heating-Head-for-3D-Printer-Insertnut-Implant-Connector-Insert-Nut-Hot-Melt-Tool-3D-Printer-Soldering-p-2016862.html?cur_warehouse=CN&ID=6327399&rmmds=CategoryElectronicsPop&trace_id=145c1763854816927
Computers,3D Printer Accessories M2 M3 M4 M5 M6 M8 VORON2.4 Heat Insert Nut Iron Tip 936 Soldering Iron Thread Embedded Kit Heat Insertion Tool,US$4.99,5.00,4,https://www.banggood.com/3D-Printer-Accessories-M2-M3-M4-M5-M6-M8-VORON2_4-Heat-Insert-Nut-Iron-Tip-936-Soldering-Iron-Thread-Embedded-Kit-Heat-Insertion-Tool-p-2015616.html?cur_warehouse=CN&ID=6287849&rmmds=CategoryElectronicsPop&trace_id=145c1763854816927
Computers,Sunon 5015 24V Turbo Blower Cooling Fan for VORON 2.4 R2 3D Printer Accessories,US$10.99,5.00,1,https://www.banggood.com/Sunon-5015-24V-Turbo-Blower-Cooling-Fan-for-VORON-2_4-R2-3D-Printer-Accessories-p-2016711.html?cur_warehouse=CN&ID=6287830&rmmds=CategoryElectronicsPop&trace_id=145c1763854816927
Computers,VORON 0.2 Printer Replacement Spare Parts Accessories for Sherpa Mini Extruder Nano-Coated Integrated Gear Upgrade Kit,US$17.99,N/A,0,https://www.banggood.com/VORON-0_2-Printer-Replacement-Spare-Parts-Accessories-for-Sherpa-Mini-Extruder-Nano-Coated-Integrated-Gear-Upgrade-Kit-p-2016710.html?cur_warehouse=CN&ID=6292569&rmmds=CategoryElectronicsPop&trace_id=145c1763854816927
Computers,4010 Blower Fan 40*40*10mm 3D Printer Cooling Fan for MK3S+ 3D Printer Extruder,US$8.99,N/A,0,https://www.banggood.com/4010-Blower-Fan-40+40+10mm-3D-Printer-Cooling-Fan-for-MK3S+-3D-Printer-Extruder-p-2016713.html?cur_warehouse=CN&ID=6287830&rmmds=CategoryElectronicsPop&trace_id=145c1763854816927
Computers,0.4/0.6/0.8mm K1C Nozzle All-in-one Copper Titanium Nozzles High Flow Upgraded K1C K1 Max Nozzle for Ender-3 V3 3D Printer,US$3.99,5.00,6,https://www.banggood.com/0_4-or-0_6-or-0_8mm-K1C-Nozzle-All-in-one-Copper-Titanium-Nozzles-High-Flow-Upgraded-K1C-K1-Max-Nozzle-for-Ender-3-V3-3D-Printer-p-2015519.html?cur_warehouse=CN&ID=6327038&rmmds=CategoryElectronicsPop&trace_id=145c1763854816927
Computers,10 Pcs NTC 100k / 100ohm Match MK2a 1% Thermistor Temperature Sensor For 3D Printer,US$3.99,5.00,2,https://www.banggood.com/10-Pcs-NTC-100k-or-100ohm-Match-MK2a-1-pencent-Thermistor-Temperature-Sensor-For-3D-Printer-p-1977425.html?cur_warehouse=CN&ID=6287853&rmmds=CategoryElectronicsPop&trace_id=145c1763854816927
Computers,K1 K1 MAX Ceramic Heating Element Upgraded Hot End Kit 0.4mm Nozzle 550°C High Temp for 3D Printer MK8 PLA ABS PETG Nylon,US$15.99,5.00,1,https://www.banggood.com/K1-K1-MAX-Ceramic-Heating-Element-Upgraded-Hot-End-Kit-0_4mm-Nozzle-550C-High-Temp-for-3D-Printer-MK8-PLA-ABS-PETG-Nylon-p-2024492.html?cur_warehouse=CN&ID=6292509&rmmds=CategoryElectronicsPop&trace_id=145c1763854816927
Computers,Toaiot Heat Insert Nut Iron Tip Hot Melt Heat Set Insert Tool Soldering Iron Tip 3D Printing Modify Finishing Brass Thread Embed,US$15.99,5.00,6,https://www.banggood.com/Toaiot-Heat-Insert-Nut-Iron-Tip-Hot-Melt-Heat-Set-Insert-Tool-Soldering-Iron-Tip-3D-Printing-Modify-Finishing-Brass-Thread-Embed-p-2022664.html?cur_warehouse=CN&ID=523698&rmmds=CategoryElectronicsPop&trace_id=145c1763854816927
Computers,10M 2GT-6mm Rubber Opening Timing Belt S2M GT2 Belt For 3D Printer,US$14.99,4.99,168,https://www.banggood.com/10M-2GT-6mm-Rubber-Opening-Timing-Belt-S2M-GT2-Belt-For-3D-Printer-p-959253.html?cur_warehouse=CN&rmmds=CategoryElectronicsPop&trace_id=145c1763854816927
Computers,3D Printer Nozzle E3D V6 Clone CHT Nozzle M6 High Flow Copper For 1.75MM Filament Brass Copper Print Head 0.4mm 0.6mm 0.8mm,US$8.99,3.50,4,https://www.banggood.com/3D-Printer-Nozzle-E3D-V6-Clone-CHT-Nozzle-M6-High-Flow-Copper-For-1_75MM-Filament-Brass-Copper-Print-Head-0_4mm-0_6mm-0_8mm-p-1983979.html?cur_warehouse=CN&ID=5223026298296&rmmds=CategoryElectronicsPop&trace_id=145c1763854816927
Computers,TWO TREES® 3PCS 1Meters Blue PTFE Tube + 3 PC4-M6 Pneumatic Connector + 3 PC4-M10 Connectors for 3D Printer 1.75mm Filament,US$10.99,4.97,196,https://www.banggood.com/TWO-TREES-3PCS-1Meters-Blue-PTFE-Tube-+-3-PC4-M6-Pneumatic-Connector-+-3-PC4-M10-Connectors-for-3D-Printer-1_75mm-Filament-p-1562162.html?cur_warehouse=CN&rmmds=CategoryElectronicsPop&trace_id=145c1763854816927
Computers,Artillery® ABL automatic leveling assembly for Sidewinder X2 & GPro 3D Printer Auto Heatbed Level spare parts,US$19.99,4.90,21,https://www.banggood.com/Artillery-ABL-automatic-leveling-assembly-for-Sidewinder-X2-and-GPro-3D-Printer-Auto-Heatbed-Level-spare-parts-p-1923722.html?cur_warehouse=CN&rmmds=CategoryElectronicsPop&trace_id=145c1763854816927
Computers,20T GT2 Aluminium Timing Pulley 2GT 5M Belt For RepRap Prusa Mendel 3D Printer,US$11.99,4.95,441,https://www.banggood.com/20T-GT2-Aluminium-Timing-Pulley-2GT-5M-Belt-For-RepRap-Prusa-Mendel-3D-Printer-p-1081330.html?cur_warehouse=CN&rmmds=CategoryElectronicsPop&trace_id=145c1763854816927
Computers,Artillery Hotend Assembly for SW-X3/ SW-X4,US$19.99,5.00,4,https://www.banggood.com/Artillery-Hotend-Assembly-for-SW-X3-or-SW-X4-p-2035723.html?cur_warehouse=CN&ID=6314378&rmmds=CategoryElectronicsPop&trace_id=145c1763854816927
Computers,Artillery Mainboard For SW-X3 Plus,US$27.99,3.50,2,https://www.banggood.com/Artillery-Mainboard-For-SW-X3-Plus-p-2035724.html?cur_warehouse=CN&ID=6308406&rmmds=CategoryElectronicsPop&trace_id=145c1763854816927
Computers,Voron 0.1/2.4 BMG Double gear kit Be applicable to PRUSA/Bowden/Sherpa Extrusion mechanism,US$9.99,5.00,2,https://www.banggood.com/Voron-0_1-or-2_4-BMG-Double-gear-kit-Be-applicable-to-PRUSA-or-Bowden-or-Sherpa-Extrusion-mechanism-p-1986719.html?cur_warehouse=CN&ID=528136&rmmds=CategoryElectronicsPop&trace_id=145c1763854816927
Computers,Blue Heat Masking Tape Resistant High Temperature Polyimide Adhesive Part Blue Sticker Heated Bed Protect Paper for 3D Printer,US$6.99,5.00,3,https://www.banggood.com/Blue-Heat-Masking-Tape-Resistant-High-Temperature-Polyimide-Adhesive-Part-Blue-Sticker-Heated-Bed-Protect-Paper-for-3D-Printer-p-1981348.html?cur_warehouse=CN&rmmds=CategoryElectronicsPop&trace_id=145c1763854816927
Computers,TWO TREES® GT2 LL-2GT RF 2GT Open Synchronous Timing belt width 6mm Rubber Low dust low vibration VORON gates 3D printer,US$14.99,5.00,16,https://www.banggood.com/TWO-TREES-GT2-LL-2GT-RF-2GT-Open-Synchronous-Timing-belt-width-6mm-Rubber-Low-dust-low-vibration-VORON-gates-3D-printer-p-1875410.html?cur_warehouse=CN&ID=44707&rmmds=CategoryElectronicsPop&trace_id=145c1763854816927
Computers,TWO TREES® Collapsible Silicone Funnels and Stainless Steel Resin Filter Cups for Pouring Resin Back into Bottle,US$8.99,4.83,47,https://www.banggood.com/TWO-TREES-Collapsible-Silicone-Funnels-and-Stainless-Steel-Resin-Filter-Cups-for-Pouring-Resin-Back-into-Bottle-p-1875450.html?cur_warehouse=CN&ID=6287832&rmmds=CategoryElectronicsPop&trace_id=145c1763854816927
Computers,3D Printer Lab X1 Silicone Cover Protection High Temperature Wear-resistant Removable for Lab X1 Carbon X1 P1P Hotend Extruder,US$6.99,N/A,0,https://www.banggood.com/3D-Printer-Lab-X1-Silicone-Cover-Protection-High-Temperature-Wear-resistant-Removable-for-Lab-X1-Carbon-X1-P1P-Hotend-Extruder-p-1985360.html?cur_warehouse=CN&ID=522199&rmmds=CategoryElectronicsPop&trace_id=145c1763854816927
Computers,5PCS MK8/V6//Volcano Brass Nozzle PTFE Coating Nozzle Clone CHT MK8 V6 Nozzle For CR10 Ender3 SWX1 3d printer Hotend Extruder,US$6.99,N/A,0,https://www.banggood.com/5PCS-MK8-or-V6-or-or-Volcano-Brass-Nozzle-PTFE-Coating-Nozzle-Clone-CHT-MK8-V6-Nozzle-For-CR10-Ender3-SWX1-3d-printer-Hotend-Extruder-p-1985376.html?cur_warehouse=CN&ID=62982966322584&rmmds=CategoryElectronicsPop&trace_id=145c1763854816927
Computers,IDEAFORMER 0.4/1.75mm  M6 Thread Hardened Steel Volcanic Nozzle for 3D Printer Part,US$8.99,5.00,1,https://www.banggood.com/IDEAFORMER-0_4-or-1_75mm-M6-Thread-Hardened-Steel-Volcanic-Nozzle-for-3D-Printer-Part-p-1840267.html?cur_warehouse=CN&ID=6303240&rmmds=CategoryElectronicsPop&trace_id=145c1763854816927
Computers,Toaiot oaiot CNC Full Metal Gantry 3D Printer Voron 2.4 R2 Voron Tridents Super Light CNC Part New Version for Voron 250/300/350mm,US$37.99,N/A,0,https://www.banggood.com/Toaiot-oaiot-CNC-Full-Metal-Gantry-3D-Printer-Voron-2_4-R2-Voron-Tridents-Super-Light-CNC-Part-New-Version-for-Voron-250-or-300-or-350mm-p-2022661.html?cur_warehouse=CN&ID=6318880&rmmds=CategoryElectronicsPop&trace_id=145c1763854816927
Computers,Toaiot TS100s Soldering Iron Tip Hot Melt Nut Indenter Kit Brass Inserts CNC Precision for M2 M3 M4 M5 M6 M8 Universal Soldering Iron Tips VORON Inlaid Nut Implant,US$19.99,N/A,0,https://www.banggood.com/Toaiot-TS100s-Soldering-Iron-Tip-Hot-Melt-Nut-Indenter-Kit-Brass-Inserts-CNC-Precision-for-M2-M3-M4-M5-M6-M8-Universal-Soldering-Iron-Tips-VORON-Inlaid-Nut-Implant-p-2022677.html?cur_warehouse=CN&ID=6321535&rmmds=CategoryElectronicsPop&trace_id=145c1763854816927
Computers,,US$7.79,5.00,2,https://www.banggood.com/Anycubic-Kobra-2-0_4mm-Brass-Volcano-Nozzle-Filament-High-Temperature-Resistance-CNC-Precision-for-3D-Printer-p-2022743.html?cur_warehouse=CN&ID=522199&rmmds=CategoryElectronicsPop&trace_id=145c1763854816927
Computers,,US$12.99,5.00,1,https://www.banggood.com/Desk-Dust-Vacuum-with-Clean-Brush-Portable-Table-Dust-Removal-Cleaning-Brush-USB-Charging-Desktop-Cleaner-Mini-Vacuum-Cleaner-p-2022747.html?cur_warehouse=CN&ID=6321535&rmmds=CategoryElectronicsPop&trace_id=145c1763854816927
Computers,,US$24.90,N/A,0,https://www.banggood.com/KINGROON-V6-Voron-Ceramic-Kit-Bimetallic-Throat-Pipe-Three-Hole-Hardened-Steel-Nozzle-320C-High-Temperature-24V-3D-Printer-Parts-p-2022752.html?cur_warehouse=CN&ID=6292509&rmmds=CategoryElectronicsPop&trace_id=145c1763854816927
Computers,,US$10.39,N/A,0,https://www.banggood.com/KINGROON-For-Anycubic-Kobra-2-Series-Hot-End-Kit-Brass-Nozzle-Aluminum-Block-High-Temperature-Resistance-300C-Smooth-Feeding-High-Precision-p-2022756.html?cur_warehouse=CN&ID=6292509&rmmds=CategoryElectronicsPop&trace_id=145c1763854816927
Computers,,US$12.99,5.00,1,https://www.banggood.com/KINGROON-3D-Printer-Accessories-For-Anycubic-Kobra-2-Hot-End-Kit-Hot-End-Extrusion-Head-24V-60W-0_4mm-Nozzle-Easy-Installation-Clog-Free-p-2022757.html?cur_warehouse=CN&ID=6292509&rmmds=CategoryElectronicsPop&trace_id=145c1763854816927
Computers,,US$19.89,N/A,0,https://www.banggood.com/KINGROON-New-Upgrade-Hardened-Steel-Extrusion-Head-Assembly-For-Bambu-X1-or-P1P-3D-Printer-Hot-End-0_4mm-Hardened-Steel-Nozzle-500C-Heating-Block-Aluminum-Alloy-Radiator-High-Temp-Printing-p-2022758.html?cur_warehouse=CN&ID=6292509&rmmds=CategoryElectronicsPop&trace_id=145c1763854816927
Computers,,US$10.39,N/A,0,https://www.banggood.com/KINGROON-Ender-3-V3-SE-Spray-Head-Hot-End-Kit-0_4mm-Nozzle-Aluminum-Alloy-24V-40W-Heating-Rod-High-Temp-260C-for-Precision-Printing-p-2022759.html?cur_warehouse=CN&ID=6287830&rmmds=CategoryElectronicsPop&trace_id=145c1763854816927
Computers,,US$19.00,N/A,0,https://www.banggood.com/KINGROON-For-Bambu-Lab-A1-Mini-Nozzle-3D-Printer-Upgrade-Kit-Stainless-Steel-Hardened-Steel-Quick-Replacement-High-Precision-0_2mm-0_4mm-0_6mm-0_8mm-for-Fast-Printing-p-2024488.html?cur_warehouse=CN&ID=5281366298294&rmmds=CategoryElectronicsPop&trace_id=145c1763854816927
Computers,,US$12.99,N/A,0,https://www.banggood.com/Toaiot-K1-or-K1-Max-Hot-End-Fan-3010-Dual-Ball-24V-13000-RPM-Quiet-Cooling-3D-Printer-Accessory-High-Speed-Performance-p-2024828.html?cur_warehouse=CN&ID=6287830&rmmds=CategoryElectronicsPop&trace_id=145c1763854816927
Computers,,US$9.99,N/A,0,https://www.banggood.com/All-metal-Titanium-Red-Brass-Throat-V5AC-SE6-Thread-for-3D-Printer-Part-Extruder-p-1991479.html?cur_warehouse=CN&ID=515244&rmmds=CategoryElectronicsPop&trace_id=145c1763854816927
Computers,,US$29.99,3.00,1,https://www.banggood.com/VORON-Stealthburner-Extruder-Upgraded-SB-kit-3D-Printer-Parts-for-Voron-2_4-or-Trident-or-Switchwire-or-1_8-p-1982598.html?cur_warehouse=CN&rmmds=CategoryElectronicsPop&trace_id=145c1763854816927
Computers,,US$5.44,N/A,0,https://www.banggood.com/Two-Trees-A1-or-A1-Mini-Extrusion-Head-Kit-Muti-Nozzle-High-Speed-Printing-Precision-Metal-Alloy-for-Bambu-Lab-A1-Series-Quick-Nozzle-Replacement-p-2020536.html?cur_warehouse=CN&ID=6328851&rmmds=CategoryElectronicsPop&trace_id=145c1763854816927
Computers,,US$8.99,5.00,1,https://www.banggood.com/Two-Trees-Activated-Carbon-Air-Filter-For-Bambu-X1-P1-Series-8_2cm-x-5cm-Odor-Elimination-High-Quality-Easy-Installation-Long-Service-Life-p-2020543.html?cur_warehouse=CN&ID=6287830&rmmds=CategoryElectronicsPop&trace_id=145c1763854816927
Computers,,US$4.99,4.93,100,https://www.banggood.com/1M-or-2M-Thermistor-Temperature-Sensor-HT-NTC100K-B3950-350-High-Temperature-Version-For-3D-Printer-p-1548262.html?cur_warehouse=CN&ID=45763&rmmds=CategoryElectronicsPop&trace_id=145c1763854816927
Computers,,US$18.99,5.00,5,https://www.banggood.com/4Pcs-Upgraded-Metal-Red-Hand-Screwed-Leveling-Nut-+-4pcs-Spring-for-Creality-3D-Ender-3-Series-3D-Printer-Part-p-1975103.html?cur_warehouse=CN&ID=6287832&rmmds=CategoryElectronicsPop&trace_id=145c1763854816927
Computers,,US$12.99,5.00,4,https://www.banggood.com/Trianglelab-M6-0_4mm-ZS-Nozzle-Hardened-Steel-Copper-Alloy-High-Temperature-and-Wear-Resistant-Compatible-models-V6-Hotend-3d-Printer-p-1974990.html?cur_warehouse=CN&rmmds=CategoryElectronicsPop&trace_id=145c1763854816927
Computers,,US$16.99,4.93,14,https://www.banggood.com/TWOTREES-Filament-Vacuum-Bag-Filament-Dryer-PLA-ABS-TPU-PETG-Keep-Dry-To-Avoid-Consumable-Moisture-for-3D-Printer-Filaments-p-1975059.html?cur_warehouse=CN&ID=6302327&rmmds=CategoryElectronicsPop&trace_id=145c1763854816927
Computers,,US$9.99,5.00,8,https://www.banggood.com/Kingroon-Sliver-MK8-Extruder-Kit-for-3D-Printer-Aluminum-Alloy-Block-Bowden-Extrusion-CR10-Extruder-Block-3D-Printer-Parts-For-MK8-CR10-Ender-3-p-1975062.html?cur_warehouse=CN&rmmds=CategoryElectronicsPop&trace_id=145c1763854816927
Computers,,US$9.99,5.00,3,https://www.banggood.com/KingRoon-M2-M2_5-M3-M4-3D-Printing-Nozzles-Wrench-Screw-Nut-Hexagonal-Cross-Mini-Wrench-Spanner-Maintenance-Tool-4-Size-p-1976550.html?cur_warehouse=CN&rmmds=CategoryElectronicsPop&trace_id=145c1763854816927
Computers,,US$6.99,5.00,5,https://www.banggood.com/KINGROON-DC-5V-12V-24V-Turbo-Radial-Fans-3D-Printer-Blower-4010-Cooling-Fan-Exhaust-Fan-for-Ender-3-CR10-Computer-CPU-Cooler-p-1976551.html?cur_warehouse=CN&ID=49554&rmmds=CategoryElectronicsPop&trace_id=145c1763854816927
Computers,,US$6.99,5.00,7,https://www.banggood.com/Kingroon-MK8-Nozzle-0_2mm-0_4mm-0_5mm-0_6mm-0_8mm-1_0mm-3D-Printer-Part-Extruder-M6-Thread-Brass-Nozzle-1_75mm-3mm-Filament-p-1976554.html?cur_warehouse=CN&ID=522929&rmmds=CategoryElectronicsPop&trace_id=145c1763854816927
Computers,,US$6.99,5.00,3,https://www.banggood.com/KINGROON-E3D-Volcano-Hard-Steel-Nozzle-Brass-M6-Thread-3D-Printer-Hotend-Volcano-Nozzle-p-1976557.html?cur_warehouse=CN&ID=522934523125&rmmds=CategoryElectronicsPop&trace_id=145c1763854816927
Computers,,US$9.99,4.75,16,https://www.banggood.com/3D-Printer-Upgraded-Aluminum-MK8-Extruder-Drive-Feed-Kit-for-Creality-Ender-3-or-3-Pro-or-3-V2-Ender-5-or-5-Pro-or-5-Plus-CR-10-or-10S-p-1977378.html?cur_warehouse=CN&rmmds=CategoryElectronicsPop&trace_id=145c1763854816927
Computers,,US$4.99,5.00,7,https://www.banggood.com/T8-Anti-Backlash-Spring-Loaded-Nut-For-2mm-or-8mm-Acme-Threaded-Rod-Lead-Screw-p-1977833.html?cur_warehouse=CN&ID=516009&rmmds=CategoryElectronicsPop&trace_id=145c1763854816927
Computers,,US$12.99,5.00,1,https://www.banggood.com/TWOTREES-DDB-Extruder-Transparent-Version-Dual-Drive-Extruder-for-3D-Printer-p-1977929.html?cur_warehouse=CN&rmmds=CategoryElectronicsPop&trace_id=145c1763854816927
Computers,,US$4.99,1.00,2,https://www.banggood.com/TWO-TREES-GT2-Idler-Timing-Pulley-16-or-20-Tooth-Wheel-Bore-3-or-5mm-Aluminium-Gear-Teeth-Width-6-or-10mm-For-I3-Ender-3-CR10-Bluer-Printer-Reprap-p-1927632.html?cur_warehouse=CN&ID=4509047675516463&rmmds=CategoryElectronicsPop&trace_id=145c1763854816927
Computers,,US$12.99,4.97,31,https://www.banggood.com/TWO-TREES-Filament-Break-Detection-Module-With-1M-Cable-Run-out-Sensor-Material-Runout-Detector-For-Ender-3-CR10-3D-Printer-p-1927906.html?cur_warehouse=CN&ID=6287830&rmmds=CategoryElectronicsPop&trace_id=145c1763854816927
Computers,,US$14.99,4.80,20,https://www.banggood.com/17HS4401-S-40mm-Nema-17-Stepper-Motor-42-Motor-42BYGH-1_7A-40N_cm-4-lead-Motor-for-3D-printer-CNC-Laser-Engraving-Machine-p-1760512.html?cur_warehouse=CN&rmmds=CategoryElectronicsPop&trace_id=145c1763854816927
Computers,,US$8.99,4.96,100,https://www.banggood.com/TWO-TREES-60Teeth-8mm-Bore-Diameter-+-20Teeth-5mm-Bore-GT2-Timing-Belt-Pulley-with-6mm-Timing-Belt-for-3D-Printer-p-1601580.html?cur_warehouse=CN&ID=515971&rmmds=CategoryElectronicsPop&trace_id=145c1763854816927
Computers,,US$8.99,4.99,96,https://www.banggood.com/TWO-TREES-Aluminum-Alloy-Z-Axis-Lead-Screw-Top-Mount-Metal-Z-Rod-Bearing-Holder-Block-for-3D-Printer-p-1647080.html?cur_warehouse=CN&rmmds=CategoryElectronicsPop&trace_id=145c1763854816927
Networking,EDUP for Starlink Gen2 150W 3-In-1 Step Up PoE Injector Supports 10/100/1000Mbps Gigabit Ethernet Satellites Network Hub Adapter with Full Protection for Starlink Actuated RVS Outdoors,US$63.99,N/A,0,https://www.banggood.com/EDUP-for-Starlink-Gen2-150W-3-In-1-Step-Up-PoE-Injector-Supports-10-or-100-or-1000Mbps-Gigabit-Ethernet-Satellites-Network-Hub-Adapter-with-Full-Protection-for-Starlink-Actuated-RVS-Outdoors-p-2023485.html?cur_warehouse=CN&rmmds=CategoryComputersPop&trace_id=1cb31763855832943
Networking,Abbree CS Tactical Antenna SMA Female Dual Band 144/430Mhz Foldable Walkie Talkie for Baofeng UV 5R 13 Pro 888S Quansheng UV K5,US$9.99,5.00,5,https://www.banggood.com/Abbree-CS-Tactical-Antenna-SMA-Female-Dual-Band-144-or-430Mhz-Foldable-Walkie-Talkie-for-Baofeng-UV-5R-13-Pro-888S-Quansheng-UV-K5-p-2027677.html?cur_warehouse=CN&rmmds=CategoryComputersPop&trace_id=1cb31763855832943
Networking,USB3.0 Gigabit Ethernet Adapter Type-C to RJ45 Network Card Mini PC Desktops Laptop Accessories Plug and Play,US$8.99,5.00,1,https://www.banggood.com/USB3_0-Gigabit-Ethernet-Adapter-Type-C-to-RJ45-Network-Card-Mini-PC-Desktops-Laptop-Accessories-Plug-and-Play-p-2024540.html?cur_warehouse=CN&ID=6329881&rmmds=CategoryComputersPop&trace_id=1cb31763855832943
Networking,EDUP AX900 WiFi6 Wireless Network Card 2.4G/5.8G Dual Band USB 900Mbps High Speed bluetooth 5.3 WiFi Card with External Antenna OFDMA+MU-MIMO Tech for Desktop Windows,US$13.99,5.00,5,https://www.banggood.com/EDUP-AX900-WiFi6-Wireless-Network-Card-2_4G-or-5_8G-Dual-Band-USB-900Mbps-High-Speed-bluetooth-5_3-WiFi-Card-with-External-Antenna-OFDMA+MU-MIMO-Tech-for-Desktop-Windows-p-2010407.html?cur_warehouse=CN&rmmds=CategoryComputersPop&trace_id=1cb31763855832943
Networking,WD-AX902B WiFi-6 Adapter AX900Mbps BT5.3 Dual Band WiFi USB3.0 Wireless Network Card Plug and Play for PC Laptop Bluetooth&WiFi Combo Receiver Transmitter,US$11.99,N/A,0,https://www.banggood.com/WD-AX902B-WiFi-6-Adapter-AX900Mbps-BT5_3-Dual-Band-WiFi-USB3_0-Wireless-Network-Card-Plug-and-Play-for-PC-Laptop-BluetoothandWiFi-Combo-Receiver-Transmitter-p-2036095.html?cur_warehouse=CN&ID=6287830&rmmds=CategoryComputersPop&trace_id=1cb31763855832943
Networking,USB3.1 5000Mbps USB/Type-C To RJ45 Network Interface Converter Gigabit Ethernet Adapter RTL8157 for USB 3.1 Gen 1 Laptop Computer Plug and Play,US$25.99,N/A,0,https://www.banggood.com/USB3_1-5000Mbps-USB-or-Type-C-To-RJ45-Network-Interface-Converter-Gigabit-Ethernet-Adapter-RTL8157-for-USB-3_1-Gen-1-Laptop-Computer-Plug-and-Play-p-2037016.html?cur_warehouse=CN&ID=6287836&rmmds=CategoryComputersPop&trace_id=1cb31763855832943
Networking,AX913B AX900M WiFi 6 bluetooth 5.4 Adapter Dongle Dual Band 2.4G/5GHz Network Wireless Receiver Driver-free Built-in 2dBi Antenna for Windows 10/11,US$8.99,5.00,1,https://www.banggood.com/AX913B-AX900M-WiFi-6-bluetooth-5_4-Adapter-Dongle-Dual-Band-2_4G-or-5GHz-Network-Wireless-Receiver-Driver-free-Built-in-2dBi-Antenna-for-Windows-10-or-11-p-2028869.html?cur_warehouse=CN&rmmds=CategoryComputersPop&trace_id=1cb31763855832943
Networking,USB bluetooth 5.4  Adapter 150M Wireless Dongle Adapter Drivers Free Supports Windows 11/10/8.1/7 for PC Music Audio Receiver Transmitter,US$7.99,5.00,1,https://www.banggood.com/USB-bluetooth-5_4-Adapter-150M-Wireless-Dongle-Adapter-Drivers-Free-Supports-Windows-11-or-10-or-8_1-or-7-for-PC-Music-Audio-Receiver-Transmitter-p-2029036.html?cur_warehouse=CN&rmmds=CategoryComputersPop&trace_id=1cb31763855832943
Networking,Bakeey BR04 bluetooth 5.4 USB Adapter Transmitter Receiver Wireless USB bluetooth Audio Adapter Dongle Free-driver for PC Computer Laptop,US$6.99,N/A,0,https://www.banggood.com/Bakeey-BR04-bluetooth-5_4-USB-Adapter-Transmitter-Receiver-Wireless-USB-bluetooth-Audio-Adapter-Dongle-Free-driver-for-PC-Computer-Laptop-p-2010367.html?cur_warehouse=CN&ID=6287832&rmmds=CategoryComputersPop&trace_id=1cb31763855832943
Networking,BT-16 bluetooth 5.2 Audio Receiver Transmitter 3.5MM 3.5 AUX with Mic Stereo Music Wireless Adapter for Headphones PC TV Car Speakers,US$10.99,5.00,6,https://www.banggood.com/BT-16-bluetooth-5_2-Audio-Receiver-Transmitter-3_5MM-3_5-AUX-with-Mic-Stereo-Music-Wireless-Adapter-for-Headphones-PC-TV-Car-Speakers-p-2013134.html?cur_warehouse=CN&rmmds=CategoryComputersPop&trace_id=1cb31763855832943
Networking,MNNWUU bluetooth 5.3 Adapter Dongle Wireless Speaker Audio Receiver USB Transmitter Driver-free for PC Laptop Phone Headphone,US$6.99,5.00,4,https://www.banggood.com/MNNWUU-bluetooth-5_3-Adapter-Dongle-Wireless-Speaker-Audio-Receiver-USB-Transmitter-Driver-free-for-PC-Laptop-Phone-Headphone-p-2005679.html?cur_warehouse=CN&rmmds=CategoryComputersPop&trace_id=1cb31763855832943
Networking,COMFAST CF-943AX USB 900M Wireless Network Card Free-driver WiFi Card 2.4G/5GHz Dual Band Network Card 802.11ax USB WIFI Dongle,US$8.99,N/A,0,https://www.banggood.com/COMFAST-CF-943AX-USB-900M-Wireless-Network-Card-Free-driver-WiFi-Card-2_4G-or-5GHz-Dual-Band-Network-Card-802_11ax-USB-WIFI-Dongle-p-2008465.html?cur_warehouse=CN&rmmds=CategoryComputersPop&trace_id=1cb31763855832943
Networking,USB bluetooth 5.3 Receiver Dongle Adapter Wireless Speaker Audio Mouse Keyboard Connector USB Adapter for Computer PC Laptop,US$5.99,5.00,1,https://www.banggood.com/USB-bluetooth-5_3-Receiver-Dongle-Adapter-Wireless-Speaker-Audio-Mouse-Keyboard-Connector-USB-Adapter-for-Computer-PC-Laptop-p-2001631.html?cur_warehouse=CN&rmmds=CategoryComputersPop&trace_id=1cb31763855832943
Networking,M16 Pro bluetooth Audio Receiver Transmitter NFC Stereo 3.5mm AUX Jack Optical Coaxial RCA Wireless Audio Adapter + Microphone Sing for TV,US$26.99,4.38,8,https://www.banggood.com/M16-Pro-bluetooth-Audio-Receiver-Transmitter-NFC-Stereo-3_5mm-AUX-Jack-Optical-Coaxial-RCA-Wireless-Audio-Adapter-+-Microphone-Sing-for-TV-p-2001633.html?cur_warehouse=CN&rmmds=CategoryComputersPop&trace_id=1cb31763855832943
Networking,WB603 650Mbps WiFi Network Card 2.4G/5G Dual Band USB Wireless bluetooth Adapter with 5dBi Antenna Driver-free,US$8.99,N/A,0,https://www.banggood.com/WB603-650Mbps-WiFi-Network-Card-2_4G-or-5G-Dual-Band-USB-Wireless-bluetooth-Adapter-with-5dBi-Antenna-Driver-free-p-2027740.html?cur_warehouse=CN&rmmds=CategoryComputersPop&trace_id=1cb31763855832943
Networking,BT541 Wireless bluetooth 5.4 Adapter USB Dongle for Mouse Keyborad Music Audio Receiver USB Transmitter Plug and Play,US$7.99,5.00,3,https://www.banggood.com/BT541-Wireless-bluetooth-5_4-Adapter-USB-Dongle-for-Mouse-Keyborad-Music-Audio-Receiver-USB-Transmitter-Plug-and-Play-p-2027741.html?cur_warehouse=CN&rmmds=CategoryComputersPop&trace_id=1cb31763855832943
Networking,MnnWuu AUX USB bluetooth 5.3 Music Receiver Adapter Dongle 3.5mm Jack SBC AAC Audio CVC Noise Cancelling Hands-free Call with Microphone Support TF Card,US$14.99,5.00,3,https://www.banggood.com/MnnWuu-AUX-USB-bluetooth-5_3-Music-Receiver-Adapter-Dongle-3_5mm-Jack-SBC-AAC-Audio-CVC-Noise-Cancelling-Hands-free-Call-with-Microphone-Support-TF-Card-p-1979297.html?cur_warehouse=CN&rmmds=CategoryComputersPop&trace_id=1cb31763855832943
Networking,Wireless USB bluetooth 5.3 Adapter Dongle for PC Speaker Wireless Mouse Keyboard Music Audio Receiver Transmitter bluetooth,US$7.79,4.72,29,https://www.banggood.com/Wireless-USB-bluetooth-5_3-Adapter-Dongle-for-PC-Speaker-Wireless-Mouse-Keyboard-Music-Audio-Receiver-Transmitter-bluetooth-p-1975279.html?cur_warehouse=CN&ID=6321310&rmmds=CategoryComputersPop&trace_id=1cb31763855832943
Networking,UGreen CM748 bluetooth Adapter USB bluetooth 5.4 for PC Dongle Adaptador Wireless Mouse Keyborad Music Audio Receiver USB Transmitter,US$7.99,5.00,1,https://www.banggood.com/UGreen-CM748-bluetooth-Adapter-USB-bluetooth-5_4-for-PC-Dongle-Adaptador-Wireless-Mouse-Keyborad-Music-Audio-Receiver-USB-Transmitter-p-2010344.html?cur_warehouse=CN&rmmds=CategoryComputersPop&trace_id=1cb31763855832943
Networking,wr900 4G LTE WiFi 6 Router with SIM Card Slot 6 high-gain Antennas 4 gigabit Ports 300Mbps High-Speed Wireless plug and play for Home Office,US$40.99,5.00,7,https://www.banggood.com/Wr900-4G-LTE-WiFi-6-Router-with-SIM-Card-Slot-6-high-gain-Antennas-4-gigabit-Ports-300Mbps-High-Speed-Wireless-plug-and-play-for-Home-Office-p-2033995.html?cur_warehouse=CN&ID=47184&rmmds=CategoryComputersPop&trace_id=1cb31763855832943
Networking,BT548 USB Wireless bluetooth 5.4 Adapter 150M Music Audio Receiver Transmitter Dongle Adapter for Mouse Keyboard PC Accessories,US$7.99,N/A,0,https://www.banggood.com/BT548-USB-Wireless-bluetooth-5_4-Adapter-150M-Music-Audio-Receiver-Transmitter-Dongle-Adapter-for-Mouse-Keyboard-PC-Accessories-p-2027739.html?cur_warehouse=CN&ID=6287830&rmmds=CategoryComputersPop&trace_id=1cb31763855832943
Networking,Hagibis G10W Pro Wireless HD Transmitter and Receiver Extender Kit Display Adapter Dongle Support Software Screen Casting for Laptop Netflix PS TV Projector,US$69.99,N/A,0,https://www.banggood.com/Hagibis-G10W-Pro-Wireless-HD-Transmitter-and-Receiver-Extender-Kit-Display-Adapter-Dongle-Support-Software-Screen-Casting-for-Laptop-Netflix-PS-TV-Projector-p-2025615.html?cur_warehouse=CN&ID=6287830&rmmds=CategoryComputersPop&trace_id=1cb31763855832943
Networking,COMFAST CF-B03 USB bluetooth 5.1 Adapter Free Driver 2 in 1 bluetooth Receiver Transmitter for PC Phone Tablet,US$9.99,5.00,1,https://www.banggood.com/COMFAST-CF-B03-USB-bluetooth-5_1-Adapter-Free-Driver-2-in-1-bluetooth-Receiver-Transmitter-for-PC-Phone-Tablet-p-1995564.html?cur_warehouse=CN&rmmds=CategoryComputersPop&trace_id=1cb31763855832943
Networking,UGREEN CM656 USB bluetooth 5.3 Adapter bluetooth Dongle Wireless Mouse Keyboard Music Audio Receiver Transmitter Free Driver for PC Speaker,US$15.99,5.00,4,https://www.banggood.com/UGREEN-CM656-USB-bluetooth-5_3-Adapter-bluetooth-Dongle-Wireless-Mouse-Keyboard-Music-Audio-Receiver-Transmitter-Free-Driver-for-PC-Speaker-p-2003493.html?cur_warehouse=CN&rmmds=CategoryComputersPop&trace_id=1cb31763855832943
Networking,OMS-H6 bluetooth 5.3 Audio Transmitter Receiver 3.5mm AUX/RCA/U-Disk/TF/USB/6.5mm MIC Karaoke HIFI Stereo EQ Wireless Adapter EU Plug,US$18.99,2.50,4,https://www.banggood.com/OMS-H6-bluetooth-5_3-Audio-Transmitter-Receiver-3_5mm-AUX-or-RCA-or-U-Disk-or-TF-or-USB-or-6_5mm-MIC-Karaoke-HIFI-Stereo-EQ-Wireless-Adapter-EU-Plug-p-2003495.html?cur_warehouse=CN&rmmds=CategoryComputersPop&trace_id=1cb31763855832943
Networking,Bakeey M13 2-in-1 bluetooth 5.3 Transmitter Receiver NFC RCA/3.5mm AUX /Optical/Coaxial Wireless Audio Adapter Hands-free Calls No Drivers for Phone Speaker TV BOX Computer,US$19.99,4.63,8,https://www.banggood.com/Bakeey-M13-2-in-1-bluetooth-5_3-Transmitter-Receiver-NFC-RCA-or-3_5mm-AUX-or-Optical-or-Coaxial-Wireless-Audio-Adapter-Hands-free-Calls-No-Drivers-for-Phone-Speaker-TV-BOX-Computer-p-2005695.html?cur_warehouse=CN&rmmds=CategoryComputersPop&trace_id=1cb31763855832943
Networking,C68 Digital Display bluetooth Receiver Transmitter BT5.3 Stereo LED U Disk 3.5MM AUX Jack RCA Wireless Hands Free Call Music Audio Adapter for TV Car Speaker,US$12.99,5.00,1,https://www.banggood.com/C68-Digital-Display-bluetooth-Receiver-Transmitter-BT5_3-Stereo-LED-U-Disk-3_5MM-AUX-Jack-RCA-Wireless-Hands-Free-Call-Music-Audio-Adapter-for-TV-Car-Speaker-p-2013111.html?cur_warehouse=CN&rmmds=CategoryComputersPop&trace_id=1cb31763855832943
Networking,WAVLINK USB-C to HD Dual Display Adapter Single 8K@30Hz/4K@120Hz Dual 4K@60Hz 3-In-1 Splitter Hub with 95W Power Delivery Dual Monitors Video Adapter USB3.1 Hub,US$39.99,N/A,0,https://www.banggood.com/WAVLINK-USB-C-to-HD-Dual-Display-Adapter-Single-8K-at-30Hz-or-4K-at-120Hz-Dual-4K-at-60Hz-3-In-1-Splitter-Hub-with-95W-Power-Delivery-Dual-Monitors-Video-Adapter-USB3_1-Hub-p-2040048.html?cur_warehouse=CN&ID=6287853&rmmds=CategoryComputersPop&trace_id=1cb31763855832943
Networking,WAVLINK USB-C to 2.5G Ethernet Adapter 2.5Gbps RJ45 Converter with 95W PD Charging for Mac Laptop Windows iOS Aluminum Shell,US$28.99,N/A,0,https://www.banggood.com/WAVLINK-USB-C-to-2_5G-Ethernet-Adapter-2_5Gbps-RJ45-Converter-with-95W-PD-Charging-for-Mac-Laptop-Windows-iOS-Aluminum-Shell-p-2040049.html?cur_warehouse=CN&ID=6287836&rmmds=CategoryComputersPop&trace_id=1cb31763855832943
Networking,WAVLINK USB-C to 5Gbps Ethernet Adapter with 95W PD Charging Driver-free RJ45 Ethernet Adapter for Laptop Computer Aluminum Case,US$36.99,N/A,0,https://www.banggood.com/WAVLINK-USB-C-to-5Gbps-Ethernet-Adapter-with-95W-PD-Charging-Driver-free-RJ45-Ethernet-Adapter-for-Laptop-Computer-Aluminum-Case-p-2040050.html?cur_warehouse=CN&ID=6287836&rmmds=CategoryComputersPop&trace_id=1cb31763855832943
Networking,,US$36.99,5.00,1,https://www.banggood.com/WR800-4G-LTE-WiFi-6-Router-4-Gigabit-Ports-SIM-Card-Slot-Mesh-Networking-External-Antennas-600Mbps-High-Speed-Internet-for-Home-Office-Plug-and-Play-p-2033998.html?cur_warehouse=CN&ID=6332761&rmmds=CategoryComputersPop&trace_id=1cb31763855832943
Networking,,US$57.99,N/A,0,https://www.banggood.com/UGREEN-CM822-Wi-Fi-7-Gaming-Wireless-Network-Card-PCIe-Card-bluetooth-5_4-Adapter-46Gbps-Speed-for-PC-Dual-Band-2_4GHz-5GHz-Support-Windows-11-Linux-WPA3-p-2039343.html?cur_warehouse=CN&ID=6287830&rmmds=CategoryComputersPop&trace_id=1cb31763855832943
Networking,,US$10.99,4.88,8,https://www.banggood.com/Baseus-BA07-USB-bluetooth-5_3-Dongle-Wireless-Transmitter-Adapter-for-PC-Laptop-Earphone-Speaker-Printer-Keyboard-Gamepad-p-1988876.html?cur_warehouse=CN&rmmds=CategoryComputersPop&trace_id=1cb31763855832943
Networking,,US$6.99,5.00,17,https://www.banggood.com/RTL807-bluetooth-compatible-5_3-USB-Adapter-Dongle-100M-Long-Range-Support-Windows-7-or-win8_1-or-win10-or-11-for-PC-Computer-p-1988883.html?cur_warehouse=CN&rmmds=CategoryComputersPop&trace_id=1cb31763855832943
Networking,,US$9.99,5.00,24,https://www.banggood.com/USB-bluetooth-Dongle-Adapter-bluetooth-5_3-Wireless-BT-Receiver-Transmitter-Adaptor-for-PC-Computer-p-1975856.html?cur_warehouse=CN&rmmds=CategoryComputersPop&trace_id=1cb31763855832943
Networking,,US$9.34,4.83,6,https://www.banggood.com/Ugreen-USB-bluetooth-5_3-Adapter-WIN10-Free-Drive-Audio-Receiver-for-PC-p-1981841.html?cur_warehouse=CN&rmmds=CategoryComputersPop&trace_id=1cb31763855832943
Networking,,US$6.99,5.00,6,https://www.banggood.com/Wireless-bluetooth-5_3-USB-Adapter-100M-Long-Range-bluetooth-Transceiver-Drive-Free-for-PC-Computer-Laptop-with-4dBi-Antenna-p-1981981.html?cur_warehouse=CN&rmmds=CategoryComputersPop&trace_id=1cb31763855832943
Networking,,US$17.99,1.00,1,https://www.banggood.com/Bluetooth-5_0-Audio-Adapter-NFC-LED-Display-500mAh-Hands-free-Calling-3_5MM-AUX-RCA-Support-USB-or-TF-Card-Playback-bluetooth-Transceiver-for-Computer-Laptop-p-1983632.html?cur_warehouse=CN&rmmds=CategoryComputersPop&trace_id=1cb31763855832943
Networking,,US$5.99,5.00,1,https://www.banggood.com/RTL801-bluetooth-Compatible-5_3-USB-Adapter-Dongle-3Mbps-Plug-and-Play-Wireless-Transmitter-Receiver-for-Desktop-PC-Wireless-Mouse-p-1988884.html?cur_warehouse=CN&rmmds=CategoryComputersPop&trace_id=1cb31763855832943
Networking,,US$25.99,N/A,0,https://www.banggood.com/UGREEN-CM106-bluetooth-RCA-Receiver-5_1-3_5mm-Jack-Aux-Wireless-Adapter-Music-for-TV-Car-2RCA-bluetooth-Audio-Receiver-p-2008432.html?cur_warehouse=CN&rmmds=CategoryComputersPop&trace_id=1cb31763855832943
Networking,,US$9.99,4.50,2,https://www.banggood.com/B10S-2-in-1-bluetooth-5_0-Transmitter-Receiver-TV-PC-Car-Speaker-3_5mm-AUX-Hifi-Music-Audio-Adapter-or-Headphones-Car-Stereo-Device-Plug-and-Play-p-2013131.html?cur_warehouse=CN&rmmds=CategoryComputersPop&trace_id=1cb31763855832943
Networking,,US$14.99,5.00,3,https://www.banggood.com/B39-2-In-1-bluetooth-5_3-Audio-Receiver-Transmitter-3_5mm-Aux-Jack-RCA-Stereo-Music-Wireless-Adapter-Dongle-for-TV-Car-PC-Headphones-p-2022384.html?cur_warehouse=CN&rmmds=CategoryComputersPop&trace_id=1cb31763855832943
Networking,,US$7.99,5.00,1,https://www.banggood.com/RU2503-2_5G-USB-Ethernet-Adapter-2500Mbps-USB3_0-Type-C-to-RJ45-Lan-Wired-Ethernet-Gigabit-Adapter-Network-Card-for-Desktop-PC-Laptop-Computer-p-2029287.html?cur_warehouse=CN&ID=6331139&rmmds=CategoryComputersPop&trace_id=1cb31763855832943
Networking,,US$11.99,5.00,1,https://www.banggood.com/UGreen-CM749-bluetooth-5_4-Adapter-120M-Dongle-for-PC-Wireless-Mouse-Keyboard-Music-Audio-Receiver-Transmitter-Free-driver-p-2027736.html?cur_warehouse=CN&rmmds=CategoryComputersPop&trace_id=1cb31763855832943
Networking,,US$6.99,4.91,11,https://www.banggood.com/ABBREE-AR-771-SMA-Female-AR-771C-SMA-Male-Antenna-Dual-Band-VHF-or-UHF-High-Gain-Soft-Whip-Antenna-For-Baofeng-UV-5R-BF-888S-UV10R-UV-13-Pro-Radio-p-2027676.html?cur_warehouse=CN&ID=6213010&rmmds=CategoryComputersPop&trace_id=1cb31763855832943
Commercial-Lighting,P56 Naked Eye 3D HD Fan Holographic Projector 3D Holographic Projector Remote Advertising Display Support Picture Video Gif logo,US$139.99,5.00,5,https://www.banggood.com/P56-Naked-Eye-3D-HD-Fan-Holographic-Projector-3D-Holographic-Projector-Remote-Advertising-Display-Support-Picture-Video-Gif-logo-p-2007984.html?cur_warehouse=CN&rmmds=CategoryLightsPop&trace_id=acb71763855855215
Commercial-Lighting,P65 3D Hologram Fan HD Projector LED Sign Holographic Player support Video Shop Advertising Display Festival Light-EU Plug,US$179.99,5.00,4,https://www.banggood.com/P65-3D-Hologram-Fan-HD-Projector-LED-Sign-Holographic-Player-support-Video-Shop-Advertising-Display-Festival-Light-EU-Plug-p-2018105.html?cur_warehouse=CN&rmmds=CategoryLightsPop&trace_id=acb71763855855215
Commercial-Lighting,"P62 3D Hologram Projector Fan Remote Wifi Control Commercial Advertising Display Lights Projector Logo Picture For Commercial Ad Festivals,Real-Time Projection",US$156.49,3.00,1,"https://www.banggood.com/P62-3D-Hologram-Projector-Fan-Remote-Wifi-Control-Commercial-Advertising-Display-Lights-Projector-Logo-Picture-For-Commercial-Ad-Festivals,Real-Time-Projection-p-2018096.html?cur_warehouse=CN&rmmds=CategoryLightsPop&trace_id=acb71763855855215"
Commercial-Lighting,30W RGBW LED DMX512 Stage Light Pinspot Beam Spotlight 6CH For DJ DISCO Party KTV,US$37.99,4.91,58,https://www.banggood.com/30W-RGBW-LED-DMX512-Stage-Light-Pinspot-Beam-Spotlight-6CH-For-DJ-DISCO-Party-KTV-p-1345074.html?cur_warehouse=CN&ID=43101&rmmds=CategoryLightsPop&trace_id=acb71763855855215
